Cluster ID,Score,Name,Gender,DOB,Address,Occupation,Bank Acct
0,0.988,Joseph Anderson,F,2000-09-10,"488 Grafton St, Swords",Civil Servant,IE55BOFI921007
0,0.988,JosephAnderson,F,2000-09-10,"775 New Address Rd, Drogheda",,IE55BOFI921007
1,0.941,Bank of Ireland Holdings,,,"237 Dame St, Dublin",,IE54BOFI919815
1,0.941,Bank of Ireland Holdings,,,"416 O'Connell St, Limerick",,
2,0.994,Linda Thomas,M,1991-01-11,"809 Griffith Ave, Galway",Doctor,IE17BOFI929287
2,0.994,Linda Thmas,M,1991-01-11,"809 Griffith Ave, Galway",,IE17BOFI929287
3,0.859,Mary Garcia,F,1970-04-22,"848 Oliver Plunkett St, Drogheda",Retiree,
3,0.859,Mary Garcia,F,1951-07-22,"412 Patrick St, Dundalk",Engineer,IE13BOFI960266
4,0.804,Patricia Martin,M,1954-05-09,"502 Grafton St, Waterford",Student,IE13BOFI948015
4,0.804,Patricia Martin,M,1988-01-24,"294 Shop St, Swords",Student,
5,0.998,Smurfit Kappa Group,,,"534 Henry St, Bray",,IE66BOFI922902
5,0.998,Smurfit Kappa Group,,,"585 New Address Rd, Navan",,IE66BOFI922902
6,0.893,Bank of Ireland Services,,,"881 O'Connell St, Bray",,
6,0.85,Bank of Ireland Ltd,,,"116 O'Connell St, Bray",,IE67BOFI985501
6,0.893,Bank of Ireland Services,,,"881 O'Connell St, Bray",,
7,0.831,Richard Smith,F,1969-09-04,"313 Grafton St, Galway",Manager,
7,0.714,Richard Smith,F,1950-09-26,"308 Dame St, Galway",Driver,IE35BOFI982002
7,0.772,Richard Smith,F,1969-03-18,"364 Eyre Square, Galway",IT Consultant,IE32BOFI952662
7,0.831,Richard Smith,F,1969-09-04,"313 Grafton St, Galway",Manager,
8,1.0,Michael Smith,M,1993-06-10,"235 Henry St, Galway",IT Consultant,IE48BOFI988240
8,1.0,Michael Smith,M,1993-06-10,"622 New Address Rd, Navan",IT Consultant,IE48BOFI988240
9,1.0,Robert Lopez,F,1962-07-12,"715 Dame St, Cork",Technician,IE98BOFI950204
9,1.0,Robert Lopez,F,1962-07-12,"367 New Address Rd, Cork",Technician,IE98BOFI950204
10,0.773,Richard Anderson,F,1953-07-31,"637 Dame St, Bray",Accountant,IE15BOFI999746
10,0.773,Richard Anderson,F,1963-08-07,"357 Shop St, Dundalk",Doctor,
11,0.757,Michael Miller,F,1991-02-11,"628 Eyre Square, Bray",Retiree,IE60BOFI975109
11,0.517,Michael Miller,F,1979-12-21,"106 Dame St, Dublin",Nurse,
11,0.582,Michael Miller,F,1991-02-11,"628 Eyre Square, Bray",,IE60BOFI975109
12,1.0,Jennifer Thomas,M,1970-08-16,"424 Dame St, Galway",Civil Servant,IE93BOFI936701
12,1.0,Jennifer Thomas,M,1970-08-16,"424 Dame St, Galway",Civil Servant,IE93BOFI936701
13,0.651,Karen Brown,F,1953-07-06,"41 O'Connell St, Swords",Doctor,
13,0.651,Karen Brown,F,1968-07-25,"803 Shop St, Bray",Builder,IE26BOFI988264
14,0.997,Michael Johnson,M,1994-08-20,"410 Patrick St, Dublin",Technician,IE95BOFI907605
14,0.997,Michael Johnson,M,1994-08-20,"818 New Address Rd, Limerick",,IE95BOFI907605
15,0.999,Patricia Wilson,M,1958-06-18,"215 Main St, Cork",Doctor,IE72BOFI901873
15,0.999,Patricia Wilson,M,1958-06-18,"215 Main St, Cork",,IE72BOFI901873
16,0.984,James Rodriguez,M,1980-12-05,"975 Oak Park, Waterford",Student,
16,0.984,James Rodriugez,M,1980-12-05,"975 Oak Park, Waterford",Student,
17,1.0,Richard Garcia,F,1985-07-14,"177 Dame St, Waterford",Accountant,IE19BOFI951236
17,1.0,Richard Garcia,F,1985-07-14,"177 Dame St, Waterford",Accountant,IE19BOFI951236
18,1.0,Jennifer Moore,M,1997-08-19,"912 Main St, Dundalk",Doctor,IE84BOFI970775
18,1.0,Jennifer Moore,M,1997-08-19,"912 Main St, Dundalk",Doctor,IE84BOFI970775
19,0.938,Dunnes Group,,,"131 Eyre Square, Dundalk",,IE97BOFI979057
19,0.938,Dunnes Group,,,"948 Grafton St, Cork",,
20,0.997,Jessica Rodriguez,F,1987-04-09,"65 Grafton St, Swords",Manager,
20,0.997,Jessica Rodriguez,F,1987-04-09,"65 Grafton St, Swords",Manager,
21,0.977,Sarah Thomas,M,1993-12-30,"493 O'Connell St, Dundalk",Doctor,IE86BOFI945538
21,0.977,Sarha Thomas,M,1993-12-30,"522 New Address Rd, Limerick",,IE86BOFI945538
22,0.977,Linda Miller,M,1953-07-02,"885 High St, Waterford",Student,IE58BOFI917380
22,0.977,Linda Milelr,M,1953-07-02,"895 New Address Rd, Cork",,IE58BOFI917380
23,0.999,Jennifer Rodriguez,F,1991-11-09,"454 Main St, Drogheda",Doctor,IE94BOFI950770
23,0.999,Jennifer Rodriguez,F,,"454 Main St, Drogheda",,IE94BOFI950770
24,0.777,Linda Wilson,F,1976-08-19,"609 Main St, Bray",Retiree,IE44BOFI958841
24,0.777,Linda Wilson,F,1972-07-02,"740 Main St, Drogheda",Manager,IE44BOFI928626
25,0.999,Mary Gonzalez,M,1980-03-29,"291 Grafton St, Dublin",Admin,IE93BOFI982313
25,0.999,Mary Gonzlez,M,1980-03-29,"291 Grafton St, Dublin",Admin,IE93BOFI982313
26,1.0,Linda Rodriguez,F,1997-12-14,"573 Oak Park, Dublin",Retiree,IE99BOFI985654
26,1.0,Linda Rodriguez,,,"573 Oak Park, Dublin",Retiree,IE99BOFI985654
27,0.603,Karen Smith,M,1983-06-01,"414 High St, Galway",Farmer,IE44BOFI995982
27,0.603,Karen Smith,M,1982-07-12,"224 O'Connell St, Galway",Manager,IE15BOFI998742
28,0.999,Linda Smith,M,1998-04-01,"447 Oliver Plunkett St, Galway",Driver,IE93BOFI913782
28,0.995,Lnida Smith,M,1998-04-01,"447 Oliver Plunkett St, Galway",Driver,IE93BOFI913782
28,0.995,Linda Smth,M,1998-04-01,"447 Oliver Plunkett St, Galway",Driver,IE93BOFI913782
29,1.0,Sarah Jones,F,1996-10-25,"950 Griffith Ave, Dundalk",Builder,IE40BOFI933541
29,1.0,Sarah Jones,F,1996-10-25,"66 New Address Rd, Drogheda",Builder,IE40BOFI933541
30,0.756,Jessica Miller,F,1955-12-21,"755 High St, Dundalk",Accountant,IE72BOFI943049
30,0.654,Jessica Miller,F,1955-05-17,"965 Church Rd, Limerick",Engineer,
30,0.756,Jessica Miller,F,1955-12-21,"755 High St, Dundalk",Accountant,IE72BOFI943049
31,1.0,William Rodriguez,F,1951-01-13,"961 High St, Dublin",Director,IE89BOFI957364
31,1.0,William Rodriguez,F,1951-01-13,"961 High St, Dublin",Director,IE89BOFI957364
32,0.997,Karen Jackson,F,1981-09-06,"922 Dame St, Dundalk",Student,
32,0.997,Karen Jackson,F,1981-09-06,"922 Dame St, Dundalk",Student,
33,1.0,Joseph Gonzalez,M,1992-10-10,"954 Dame St, Galway",Student,IE54BOFI916588
33,1.0,Joseph Gonzalez,M,1992-10-10,"954 Dame St, Galway",Student,IE54BOFI916588
34,0.85,Jennifer Martinez,M,1967-02-02,"221 Church Rd, Dublin",Manager,
34,0.788,Jennifer Martinez,M,1962-02-28,"791 O'Connell St, Limerick",Driver,IE61BOFI911391
34,0.85,Jennifer Martinez,M,1967-02-02,"221 Church Rd, Dublin",Manager,
35,1.0,Lisa Garcia,F,2000-04-02,"300 Henry St, Cork",Technician,IE11BOFI990171
35,1.0,Lisa Garcia,F,2000-04-02,"300 Henry St, Cork",Technician,IE11BOFI990171
36,0.923,Patricia Garcia,M,1967-09-07,"198 Main St, Galway",Manager,
36,0.923,Patricia Garcia,M,1964-06-07,"155 Dame St, Dublin",Farmer,IE26BOFI925564
37,0.999,Thomas Moore,M,1965-10-03,"153 High St, Dundalk",Director,IE19BOFI961230
37,0.999,ThomasMoore,M,1965-10-03,"153 High St, Dundalk",Director,IE19BOFI961230
38,0.732,Patricia Rodriguez,F,1951-04-24,"519 High St, Galway",Doctor,
38,0.732,Patricia Rodriguez,F,1985-04-11,"155 Seaview, Galway",Farmer,IE74BOFI923688
39,0.999,Elizabeth Moore,F,1952-06-25,"223 Oak Park, Galway",IT Consultant,IE23BOFI987846
39,0.999,Elizabeth Moore,F,1952-06-25,"223 Oak Park, Galway",,IE23BOFI987846
40,1.0,Elizabeth Hernandez,M,1983-09-04,"514 Griffith Ave, Waterford",IT Consultant,IE73BOFI941082
40,1.0,Elizabth Hernandez,M,1983-09-04,"514 Griffith Ave, Waterford",IT Consultant,IE73BOFI941082
41,0.987,Jennifer Anderson,F,2003-11-15,"232 Henry St, Limerick",Nurse,
41,0.987,Jeninfer Anderson,F,,"232 Henry St, Limerick",Nurse,
42,0.999,Linda Lopez,M,1968-11-10,"500 Henry St, Limerick",Engineer,IE53BOFI946200
42,0.999,LindaLopez,M,1968-11-10,"500 Henry St, Limerick",Engineer,IE53BOFI946200
43,0.999,Michael Brown,F,1969-09-07,"679 High St, Galway",Student,IE25BOFI982294
43,0.999,Michael Brwon,F,1969-09-07,"679 High St, Galway",Student,IE25BOFI982294
44,0.999,Jessica Martin,M,1997-06-03,"726 Dame St, Cork",Farmer,IE94BOFI940643
44,0.998,Jessica Mratin,M,,"938 New Address Rd, Drogheda",Farmer,IE94BOFI940643
44,0.999,Jessica Martin,M,1997-06-03,"726 Dame St, Cork",Farmer,IE94BOFI940643
45,0.516,Patricia Lopez,M,1999-06-11,"429 Griffith Ave, Galway",Retiree,IE79BOFI943521
45,0.788,Patricia Lopez,M,1994-03-26,"847 High St, Waterford",Nurse,
45,0.554,Patricia oLpez,M,1994-03-26,"847 High St, Waterford",Nurse,
45,0.904,Patricia Lopez,M,,"429 Griffith Ave, Galway",Retiree,IE79BOFI943521
46,0.852,Jennifer Jackson,M,1992-08-22,"266 High St, Galway",Engineer,
46,0.852,Jennifer Jackson,M,1992-02-06,"702 Church Rd, Galway",Nurse,
47,0.557,William Garcia,F,1963-12-17,"896 Patrick St, Bray",Builder,
47,0.69,William Garcia,F,1991-10-06,"110 High St, Limerick",Technician,
47,0.753,William Garcia,F,1980-12-06,"813 Oak Park, Navan",IT Consultant,
47,0.69,William Garcia,F,1991-10-06,"110 High St, Limerick",Technician,
48,0.658,Elizabeth Anderson,M,1991-10-16,"645 O'Connell St, Galway",Admin,IE59BOFI955480
48,0.658,Elizabeth Anderson,M,1963-12-11,"204 High St, Swords",Student,
49,0.711,Barbara Davis,F,1953-01-03,"94 Patrick St, Limerick",Admin,
49,0.591,Barbara Davis,F,1980-06-27,"513 Oak Park, Swords",Civil Servant,IE84BOFI902852
49,0.711,Barbara Davis,F,1953-01-03,"94 Patrick St, Limerick",Admin,
50,0.81,Michael Martin,F,1967-06-16,"128 Oliver Plunkett St, Cork",Engineer,
50,0.81,Michael Martin,F,1965-06-21,"915 Dame St, Navan",IT Consultant,IE44BOFI904680
51,0.959,Smurfit Kappa Ltd,,,"949 O'Connell St, Limerick",,IE72BOFI921038
51,0.959,Smurfit Kappa Ltd,,,"679 Shop St, Limerick",,
52,1.0,Jennifer Thomas,M,1961-08-12,"56 Oliver Plunkett St, Dundalk",Accountant,IE78BOFI980554
52,1.0,Jennifer Thomas,M,1961-08-12,"56 Oliver Plunkett St, Dundalk",Accountant,IE78BOFI980554
53,0.987,Sarah Williams,M,1981-01-01,"280 Main St, Dundalk",Farmer,IE57BOFI913992
53,0.981,Sarah iWlliams,M,1981-01-01,"153 New Address Rd, Bray",,IE57BOFI913992
53,0.987,Sarah Williams,M,1981-01-01,"280 Main St, Dundalk",,IE57BOFI913992
54,0.635,Elizabeth Martinez,F,1951-11-07,"839 Henry St, Waterford",Student,IE19BOFI925415
54,0.635,Elizabeth Martinez,F,2001-03-27,"954 Grafton St, Navan",Student,
55,1.0,David Rodriguez,M,1951-12-24,"878 Grafton St, Drogheda",Director,IE99BOFI942846
55,0.999,David Rodrigeuz,M,,"878 Grafton St, Drogheda",Director,IE99BOFI942846
55,0.999,aDvid Rodriguez,,1951-12-24,"878 Grafton St, Drogheda",Director,IE99BOFI942846
56,1.0,Michael Wilson,M,1995-12-02,"335 Eyre Square, Navan",Student,IE27BOFI910629
56,1.0,Michael Wilson,,1995-12-02,"335 Eyre Square, Navan",Student,IE27BOFI910629
57,0.55,Smurfit Kappa Limited,,,"235 Dame St, Bray",,IE91BOFI935975
57,0.55,Smurfit Kappa Limited,,,"605 Church Rd, Dublin",,IE89BOFI921886
58,1.0,David Jackson,M,2001-10-05,"961 High St, Limerick",Technician,IE68BOFI956080
58,1.0,David Jackson,,2001-10-05,"812 New Address Rd, Navan",Technician,IE68BOFI956080
59,0.608,Patricia Jackson,F,1956-07-23,"536 Henry St, Galway",Retiree,
59,0.722,Patricia Jackson,F,1989-06-18,"695 Seaview, Bray",Engineer,IE46BOFI939491
59,0.722,Patricia Jackson,F,1989-06-18,"695 Seaview, Bray",Engineer,IE46BOFI939491
60,0.501,Robert Moore,F,1952-05-29,"620 Church Rd, Navan",Manager,IE52BOFI919499
60,0.501,Robert Moore,F,1954-02-01,"911 Seaview, Dundalk",Manager,IE12BOFI940585
61,1.0,Joseph Jones,F,1962-01-12,"219 High St, Drogheda",Nurse,IE43BOFI940026
61,1.0,Joseph Jones,F,1962-01-12,"219 High St, Drogheda",Nurse,IE43BOFI940026
62,0.999,William Jones,F,1955-04-10,"45 Grafton St, Cork",Doctor,IE92BOFI920061
62,0.999,William Jones,F,1955-04-10,"45 Grafton St, Cork",,IE92BOFI920061
63,1.0,Jessica Wilson,F,1974-08-19,"756 O'Connell St, Galway",Sales,IE35BOFI945098
63,1.0,Jessica Wilson,F,1974-08-19,"43 New Address Rd, Limerick",Sales,IE35BOFI945098
64,0.584,Patricia Taylor,F,1984-03-21,"636 Griffith Ave, Galway",Doctor,IE91BOFI909342
64,0.584,Patricia Taylor,F,1951-01-11,"425 High St, Bray",IT Consultant,IE91BOFI956833
65,1.0,Susan Rodriguez,M,1995-11-14,"460 Shop St, Waterford",Manager,IE86BOFI985369
65,1.0,Susan Rodriguez,M,1995-11-14,"378 New Address Rd, Waterford",Manager,IE86BOFI985369
66,0.999,Elizabeth Rodriguez,M,1985-01-03,"196 Henry St, Bray",Sales,IE30BOFI942788
66,0.999,Eizabeth Rodriguez,M,1985-01-03,"14 New Address Rd, Waterford",Sales,IE30BOFI942788
67,0.577,Richard Wilson,M,1981-11-17,"167 Dame St, Waterford",Nurse,IE93BOFI992629
67,0.577,Richard Wilson,M,1968-11-03,"126 O'Connell St, Drogheda",Nurse,IE77BOFI998562
68,1.0,William Anderson,F,1987-07-01,"188 Dame St, Drogheda",Retiree,IE77BOFI996747
68,1.0,William Anderson,F,1987-07-01,"188 Dame St, Drogheda",Retiree,IE77BOFI996747
69,0.989,David Wilson,M,1985-03-13,"987 Griffith Ave, Swords",Farmer,
69,0.989,David Wilsn,M,1985-03-13,"987 Griffith Ave, Swords",Farmer,
70,0.756,Kingspan Ireland,,,"80 Patrick St, Bray",,IE33BOFI934695
70,0.756,Kingspan Ireland,,,"528 Seaview, Bray",,IE60BOFI931461
71,0.991,Mary Smith,M,1965-09-30,"533 O'Connell St, Bray",Doctor,IE44BOFI956870
71,0.991,MarySmith,M,1965-09-30,"533 O'Connell St, Bray",,IE44BOFI956870
72,0.675,Susan Smith,F,1963-12-23,"27 Main St, Bray",Manager,IE96BOFI926482
72,0.675,Susan Smith,F,1979-10-28,"191 Oak Park, Drogheda",Engineer,
73,1.0,Barbara Taylor,M,2001-03-06,"487 Dame St, Swords",Student,IE88BOFI903192
73,1.0,Barbara Taylor,M,2001-03-06,"487 Dame St, Swords",Student,IE88BOFI903192
74,1.0,Richard Brown,M,1999-12-06,"115 Seaview, Cork",Civil Servant,IE94BOFI932086
74,1.0,Richard Brown,M,1999-12-06,"970 New Address Rd, Dundalk",Civil Servant,IE94BOFI932086
75,0.98,Linda Brown,M,2004-01-11,"368 Oak Park, Galway",Technician,IE68BOFI922060
75,0.98,Lnda Brown,M,2004-01-11,"946 New Address Rd, Dublin",,IE68BOFI922060
76,0.762,William Gonzalez,M,1970-01-03,"852 Eyre Square, Cork",Farmer,
76,0.762,William Gonzalez,M,1950-08-02,"6 Oak Park, Swords",Builder,
77,0.553,Joseph Anderson,M,1969-08-28,"98 O'Connell St, Limerick",Technician,
77,0.553,Joseph Anderson,M,1981-11-22,"855 High St, Cork",IT Consultant,
78,0.999,Mary Thomas,M,1971-10-31,"195 Griffith Ave, Drogheda",IT Consultant,IE22BOFI918252
78,0.999,Mary Thoas,M,,"195 Griffith Ave, Drogheda",IT Consultant,IE22BOFI918252
79,1.0,James Martinez,M,1994-03-10,"513 Oliver Plunkett St, Drogheda",IT Consultant,IE67BOFI916213
79,1.0,James Martinez,,1994-03-10,"897 New Address Rd, Navan",IT Consultant,IE67BOFI916213
80,0.981,Mary Miller,M,1980-12-05,"862 Oliver Plunkett St, Swords",Driver,IE96BOFI902364
80,0.957,MaryMiller,M,1980-12-05,"862 Oliver Plunkett St, Swords",Driver,IE96BOFI902364
80,0.953,Mayr Miller,M,1980-12-05,"117 New Address Rd, Navan",,IE96BOFI902364
81,1.0,Jennifer Jackson,F,1972-07-24,"591 Dame St, Waterford",Manager,IE75BOFI988109
81,1.0,Jennifer Jackson,F,1972-07-24,"424 New Address Rd, Cork",Manager,IE75BOFI988109
82,1.0,William Davis,M,1974-12-12,"701 Shop St, Dundalk",Accountant,IE77BOFI935269
82,1.0,William Davis,M,1974-12-12,"712 New Address Rd, Limerick",Accountant,IE77BOFI935269
83,0.999,Patricia Lopez,M,1986-01-16,"602 Griffith Ave, Limerick",Accountant,IE80BOFI965498
83,0.998,aPtricia Lopez,M,1986-01-16,"543 New Address Rd, Drogheda",Accountant,IE80BOFI965498
83,0.999,Patricia Lopez,,1986-01-16,"602 Griffith Ave, Limerick",Accountant,IE80BOFI965498
84,0.995,Linda Smith,M,1981-04-07,"408 High St, Bray",Builder,IE14BOFI906006
84,0.995,LindaSmith,,1981-04-07,"408 High St, Bray",,IE14BOFI906006
85,1.0,Elizabeth Thomas,M,1968-07-25,"447 Main St, Galway",Manager,IE41BOFI947042
85,1.0,Elizabeth Thomas,M,1968-07-25,"447 Main St, Galway",Manager,IE41BOFI947042
86,0.996,John Anderson,M,2000-10-08,"71 Oliver Plunkett St, Waterford",Driver,
86,0.996,John Anderso,M,2000-10-08,"71 Oliver Plunkett St, Waterford",Driver,
87,0.999,James Moore,F,1965-02-16,"594 Patrick St, Drogheda",Sales,IE48BOFI916371
87,0.999,ames Moore,F,1965-02-16,"594 Patrick St, Drogheda",Sales,IE48BOFI916371
88,1.0,Susan Hernandez,F,1972-05-23,"161 Griffith Ave, Swords",Technician,IE39BOFI911117
88,0.999,Susa Hernandez,,1972-05-23,"161 Griffith Ave, Swords",Technician,IE39BOFI911117
88,0.999,Susan Hernandez,F,1972-05-23,"136 New Address Rd, Dundalk",Technician,IE39BOFI911117
89,0.885,David Rodriguez,M,1952-08-12,"569 Griffith Ave, Dundalk",Farmer,
89,0.885,Daid Rodriguez,M,1952-08-12,"569 Griffith Ave, Dundalk",,
90,0.569,Aldi Limited,,,"157 Patrick St, Limerick",,IE50BOFI992286
90,0.569,Aldi Limited,,,"519 Dame St, Galway",,IE37BOFI963379
91,0.998,SuperValu PLC,,,"440 High St, Dublin",,IE54BOFI971243
91,0.998,SuperValu PLC,,,"822 New Address Rd, Navan",,IE54BOFI971243
91,0.998,SuperValu PLC,,,"440 High St, Dublin",,IE54BOFI971243
92,0.856,Joseph Lopez,M,1984-06-23,"619 Dame St, Swords",Teacher,IE32BOFI963549
92,0.887,Joseph Lopez,M,1955-07-03,"894 Oliver Plunkett St, Waterford",Manager,IE12BOFI993542
92,0.864,Joseph Lopez,M,1984-06-23,"298 New Address Rd, Cork",Teacher,IE32BOFI963549
92,0.837,Joseph oLpez,M,,"894 Oliver Plunkett St, Waterford",,IE12BOFI993542
93,0.679,Karen Taylor,F,1998-07-27,"911 Grafton St, Dundalk",Director,IE26BOFI908566
93,0.584,Karen Taylor,F,1966-03-19,"464 Henry St, Cork",Admin,
93,0.736,Karen Taylor,,1998-07-27,"911 Grafton St, Dundalk",Director,IE26BOFI908566
94,0.936,David Jones,F,1992-07-11,"699 Griffith Ave, Dundalk",Admin,IE75BOFI968968
94,0.948,David Jones,F,1972-04-11,"119 Oak Park, Navan",Engineer,
94,0.962,David Jones,,1972-04-11,"119 Oak Park, Navan",Engineer,
95,0.932,Elizabeth Brown,F,1986-04-01,"382 Main St, Limerick",Driver,IE81BOFI945341
95,0.932,Elizabeth Brown,F,1986-10-07,"695 Henry St, Swords",Driver,
96,0.997,Thomas Miller,M,1962-08-31,"122 Dame St, Limerick",Admin,IE70BOFI944400
96,0.994,Thomas Mller,M,1962-08-31,"122 Dame St, Limerick",,IE70BOFI944400
96,0.996,Thomas Miller,,,"137 New Address Rd, Limerick",Admin,IE70BOFI944400
96,0.997,Thomas Miller,M,1962-08-31,"122 Dame St, Limerick",Admin,IE70BOFI944400
97,1.0,John Brown,F,1969-01-25,"761 Oak Park, Drogheda",Director,IE24BOFI976092
97,1.0,John Brown,F,1969-01-25,"761 Oak Park, Drogheda",Director,IE24BOFI976092
98,0.999,Lisa Gonzalez,M,1987-09-16,"693 Oliver Plunkett St, Dublin",Doctor,IE46BOFI985916
98,0.998,isa Gonzalez,M,,"532 New Address Rd, Bray",Doctor,IE46BOFI985916
98,0.999,Lisa Gonzalez,M,1987-09-16,"693 Oliver Plunkett St, Dublin",Doctor,IE46BOFI985916
99,0.821,Kingspan Ltd,,,"165 Henry St, Waterford",,IE20BOFI922844
99,0.817,Kingspan Ltd,,,"675 O'Connell St, Drogheda",,IE60BOFI938552
99,0.954,Kingspan Ltd,,,"295 Henry St, Waterford",,
100,0.687,James Gonzalez,F,1964-06-18,"189 Oliver Plunkett St, Limerick",Doctor,IE36BOFI993108
100,0.687,James Gonzalez,F,1973-02-14,"808 Oliver Plunkett St, Bray",Civil Servant,IE33BOFI959804
101,0.511,Thomas Davis,F,1991-11-02,"195 Shop St, Drogheda",Sales,IE43BOFI970713
101,0.511,Thomas Davis,F,1979-05-09,"618 Oak Park, Swords",Technician,
102,1.0,Jennifer Garcia,M,1960-06-28,"80 Griffith Ave, Limerick",Admin,IE58BOFI906927
102,1.0,Jennifer Garcia,M,1960-06-28,"80 Griffith Ave, Limerick",Admin,IE58BOFI906927
103,0.728,Patricia Lopez,F,1994-06-27,"882 Main St, Dublin",Technician,IE53BOFI988945
103,0.927,Patricia Lopez,F,1974-06-01,"116 Main St, Cork",IT Consultant,
103,0.927,Patricia Lopez,F,1974-06-01,"116 Main St, Cork",IT Consultant,
103,0.748,Patricia Loepz,F,1974-06-01,"116 Main St, Cork",IT Consultant,
104,1.0,Patricia Hernandez,M,1971-12-28,"58 Griffith Ave, Waterford",Retiree,IE52BOFI946143
104,1.0,Patricia Hernandez,M,1971-12-28,"58 Griffith Ave, Waterford",Retiree,IE52BOFI946143
105,0.584,Robert Thomas,M,2002-02-21,"851 High St, Limerick",Sales,
105,0.584,Robert Thomas,M,1992-03-28,"452 Shop St, Cork",Engineer,IE27BOFI962094
106,0.75,Patricia Gonzalez,M,1969-03-05,"15 Oliver Plunkett St, Limerick",Driver,IE99BOFI933599
106,0.732,Patricia Gonzalez,M,1978-03-25,"658 Oliver Plunkett St, Cork",Director,IE41BOFI969169
106,0.901,Patricia Gonzalez,M,,"224 New Address Rd, Drogheda",Driver,IE99BOFI933599
107,1.0,David Gonzalez,M,1965-12-15,"599 Grafton St, Navan",Nurse,IE18BOFI934271
107,1.0,David Gonzalez,M,1965-12-15,"598 New Address Rd, Bray",Nurse,IE18BOFI934271
108,0.744,James Smith,M,2000-09-02,"84 Church Rd, Dundalk",Technician,
108,0.744,James Smith,M,2005-01-24,"787 Griffith Ave, Drogheda",Admin,IE95BOFI906324
109,0.593,Robert Martin,M,1978-04-25,"622 Church Rd, Limerick",Director,
109,0.593,Robert Martin,M,1975-10-13,"232 High St, Limerick",Retiree,IE85BOFI951373
110,1.0,John Hernandez,M,1953-04-12,"235 Griffith Ave, Bray",Sales,IE77BOFI911264
110,1.0,John Hernandez,M,1953-04-12,"864 New Address Rd, Waterford",Sales,IE77BOFI911264
111,0.593,David Anderson,M,1983-06-25,"481 Main St, Swords",Doctor,IE44BOFI995873
111,0.593,David Anderson,M,1983-03-18,"734 High St, Limerick",Director,IE64BOFI960166
112,0.624,Elizabeth Anderson,F,1962-07-08,"696 Seaview, Drogheda",Accountant,
112,0.739,Elizabeth Anderson,F,1999-01-17,"120 Dame St, Dublin",Technician,IE93BOFI957328
112,0.739,Elizabeth Anderson,F,1999-01-17,"120 Dame St, Dublin",Technician,IE93BOFI957328
112,0.954,Elizabeth Anderson,F,,"261 New Address Rd, Galway",,IE93BOFI957328
112,0.943,Eliazbeth Anderson,F,,"120 Dame St, Dublin",Technician,IE93BOFI957328
113,0.656,William Hernandez,M,1955-10-24,"165 Oliver Plunkett St, Drogheda",Admin,IE83BOFI960682
113,0.656,William Hernandez,M,1973-04-09,"119 Shop St, Swords",Admin,
114,0.991,David Jones,F,1999-02-12,"139 Grafton St, Bray",Accountant,IE66BOFI983949
114,0.98,David Joens,F,1999-02-12,"139 Grafton St, Bray",,IE66BOFI983949
114,0.98,David Jnoes,F,1999-02-12,"139 Grafton St, Bray",,IE66BOFI983949
115,1.0,Robert Jones,M,1984-05-29,"765 Oliver Plunkett St, Dublin",Sales,IE15BOFI934137
115,1.0,Robert Jones,M,1984-05-29,"765 Oliver Plunkett St, Dublin",Sales,IE15BOFI934137
116,0.58,Sarah Jackson,F,1981-03-29,"945 Oliver Plunkett St, Limerick",Student,IE35BOFI979644
116,0.703,Sarah Jackson,F,1999-04-11,"821 Shop St, Dundalk",IT Consultant,
116,0.703,Sarah Jackson,F,1999-04-11,"821 Shop St, Dundalk",IT Consultant,
117,0.999,Eir Limited,,,"296 Dame St, Navan",,IE93BOFI934771
117,0.999,Eir Limited,,,"296 Dame St, Navan",,IE93BOFI934771
118,0.999,Susan Thomas,M,1961-09-12,"827 Patrick St, Galway",Director,IE91BOFI913256
118,0.999,Susan homas,M,1961-09-12,"827 Patrick St, Galway",Director,IE91BOFI913256
119,0.624,Richard Smith,M,1991-06-16,"934 Main St, Bray",Civil Servant,IE35BOFI957903
119,0.624,Richard Smith,M,1980-08-04,"678 Oak Park, Limerick",Admin,
120,1.0,Jennifer Jackson,F,1967-10-19,"820 High St, Cork",Nurse,IE50BOFI978454
120,1.0,Jennifer Jackson,F,1967-10-19,"820 High St, Cork",Nurse,IE50BOFI978454
121,0.999,John Moore,F,1989-03-04,"666 Church Rd, Limerick",Technician,IE95BOFI998261
121,0.999,John Moore,F,1989-03-04,"666 Church Rd, Limerick",Technician,IE95BOFI998261
121,0.999,John Moroe,F,1989-03-04,"666 Church Rd, Limerick",Technician,IE95BOFI998261
122,1.0,William Hernandez,M,1980-03-03,"206 Patrick St, Navan",Director,IE57BOFI975075
122,1.0,William Hernadnez,M,1980-03-03,"206 Patrick St, Navan",Director,IE57BOFI975075
123,0.568,David Smith,M,1976-05-08,"88 Shop St, Galway",Teacher,IE54BOFI905262
123,0.667,David Smith,M,1951-11-28,"697 Eyre Square, Dundalk",IT Consultant,
123,0.725,David Smith,,1951-11-28,"697 Eyre Square, Dundalk",IT Consultant,
124,0.524,Elizabeth Jones,F,1960-01-14,"791 Main St, Dublin",Driver,IE65BOFI928288
124,0.524,Elizabeth Jones,F,1993-06-29,"973 Seaview, Galway",Builder,IE42BOFI928768
125,0.736,John Martin,M,1969-08-03,"454 Henry St, Dublin",Director,IE37BOFI931647
125,0.736,John Martin,M,1998-08-08,"395 Main St, Cork",Director,IE87BOFI984183
126,0.801,Michael Davis,F,1951-01-12,"250 Griffith Ave, Limerick",Retiree,
126,0.801,Michael Davis,F,1950-06-10,"355 Shop St, Cork",Doctor,IE76BOFI947318
127,1.0,Robert Lopez,F,1951-05-31,"127 Oak Park, Bray",Driver,IE79BOFI943333
127,1.0,Robert Lopez,F,1951-05-31,"127 Oak Park, Bray",Driver,IE79BOFI943333
128,1.0,Jennifer Lopez,M,1958-03-07,"413 Eyre Square, Cork",Farmer,IE98BOFI925751
128,1.0,Jennifer opez,M,1958-03-07,"413 Eyre Square, Cork",Farmer,IE98BOFI925751
129,0.996,CRH Solutions,,,"123 Henry St, Waterford",,IE47BOFI914728
129,0.996,CRH Soutions,,,"123 Henry St, Waterford",,IE47BOFI914728
130,0.856,Robert Jones,F,1968-05-18,"149 Oak Park, Galway",Sales,IE37BOFI935326
130,0.796,Robert Jones,F,1962-02-18,"463 Patrick St, Limerick",Student,IE35BOFI971348
130,0.856,Robert Jones,F,1968-05-18,"149 Oak Park, Galway",Sales,IE37BOFI935326
131,0.997,Bank of Ireland PLC,,,"355 Oak Park, Waterford",,IE92BOFI903646
131,0.997,Bank of Irelan dPLC,,,"355 Oak Park, Waterford",,IE92BOFI903646
132,0.68,Thomas Davis,M,1960-12-12,"591 Henry St, Dublin",Sales,
132,0.649,Thomas Davis,M,1967-03-08,"158 Shop St, Cork",Accountant,
132,0.714,Thomas Davis,,1967-03-08,"158 Shop St, Cork",Accountant,
132,0.68,Thomas Davis,M,1960-12-12,"591 Henry St, Dublin",Sales,
133,0.988,Aldi Services,,,"847 Dame St, Galway",,IE38BOFI922189
133,0.973,Aldi Servies,,,"822 New Address Rd, Navan",,IE38BOFI922189
133,0.972,lAdi Services,,,"175 New Address Rd, Swords",,IE38BOFI922189
134,0.514,David Wilson,F,1993-01-01,"692 Oliver Plunkett St, Navan",Civil Servant,IE77BOFI932204
134,0.557,David Wilson,F,2004-05-14,"182 O'Connell St, Dundalk",Nurse,IE77BOFI972494
134,0.594,David Wilson,F,1964-05-24,"756 Dame St, Drogheda",Doctor,
135,0.982,Barbara Garcia,F,1991-05-07,"598 Shop St, Waterford",Engineer,
135,0.982,aBrbara Garcia,F,,"598 Shop St, Waterford",Engineer,
136,0.995,Lisa Rodriguez,F,1983-03-30,"324 Henry St, Drogheda",Director,IE19BOFI982711
136,0.995,Lisa Rodriuez,F,1983-03-30,"324 Henry St, Drogheda",,IE19BOFI982711
137,0.999,James Martin,M,1981-08-04,"842 O'Connell St, Limerick",Nurse,IE60BOFI972404
137,0.999,Jmes Martin,,1981-08-04,"889 New Address Rd, Dundalk",Nurse,IE60BOFI972404
138,0.704,William Rodriguez,F,1977-02-13,"657 High St, Cork",IT Consultant,IE26BOFI984322
138,0.704,William Rodriguez,F,1987-09-23,"309 Shop St, Navan",Retiree,IE46BOFI985269
139,0.997,James Anderson,M,1984-09-05,"856 Shop St, Galway",Student,IE98BOFI983023
139,0.997,James Anderson,M,1984-09-05,"871 New Address Rd, Waterford",,IE98BOFI983023
140,0.999,Sarah Brown,F,1950-05-16,"365 Patrick St, Waterford",Technician,IE92BOFI927615
140,0.999,Saarh Brown,F,1950-05-16,"365 Patrick St, Waterford",Technician,IE92BOFI927615
141,0.841,David Rodriguez,F,1995-11-23,"765 Eyre Square, Waterford",Manager,IE65BOFI942520
141,0.873,David Rodriguez,F,1991-12-27,"115 Dame St, Dublin",Technician,
141,0.904,David Rodriguez,,1991-12-27,"115 Dame St, Dublin",Technician,
142,1.0,Richard Lopez,M,2003-07-18,"271 High St, Bray",Builder,IE11BOFI912091
142,1.0,Richard Lopez,M,,"271 High St, Bray",Builder,IE11BOFI912091
143,0.999,Sarah Anderson,F,1962-04-01,"637 Grafton St, Galway",Retiree,IE10BOFI920868
143,0.999,Sarah Anderosn,F,1962-04-01,"637 Grafton St, Galway",Retiree,IE10BOFI920868
144,0.832,John Lopez,M,1952-09-26,"837 O'Connell St, Waterford",Driver,
144,0.832,John Lopez,M,1969-02-26,"819 Patrick St, Bray",Technician,IE68BOFI980782
145,0.997,Michael Gonzalez,M,1971-08-09,"141 Dame St, Limerick",Student,IE87BOFI929300
145,0.997,Michael Gonzalez,M,1971-08-09,"141 Dame St, Limerick",Student,IE87BOFI929300
145,0.996,Michael Gonzalez,M,,"414 New Address Rd, Navan",,IE87BOFI929300
146,1.0,Thomas Rodriguez,M,1954-09-20,"132 Patrick St, Limerick",Admin,IE55BOFI956571
146,1.0,Thomas Rodriguez,M,1954-09-20,"132 Patrick St, Limerick",Admin,IE55BOFI956571
147,0.686,Jessica Moore,F,1989-10-27,"495 Dame St, Waterford",Admin,
147,0.686,Jessica Moore,F,1982-03-24,"303 High St, Cork",Farmer,IE57BOFI964262
148,1.0,Susan Smith,F,1960-01-15,"954 Main St, Bray",Retiree,IE28BOFI906809
148,1.0,Susan Smith,F,1960-01-15,"606 New Address Rd, Cork",Retiree,IE28BOFI906809
149,1.0,Richard Moore,F,1954-03-12,"510 Church Rd, Swords",Manager,IE30BOFI985249
149,1.0,Richard Moore,F,1954-03-12,"510 Church Rd, Swords",Manager,IE30BOFI985249
150,0.94,Eir Holdings,,,"223 Patrick St, Dublin",,
150,0.94,Eir Holdings,,,"769 O'Connell St, Limerick",,IE86BOFI955218
151,1.0,Jennifer Brown,M,2004-05-24,"857 Church Rd, Navan",Director,IE89BOFI979054
151,1.0,Jennifer Bron,M,2004-05-24,"857 Church Rd, Navan",Director,IE89BOFI979054
152,1.0,Elizabeth Moore,F,2000-11-25,"651 High St, Swords",Admin,IE49BOFI944072
152,1.0,Elizabeth Moore,F,2000-11-25,"651 High St, Swords",Admin,IE49BOFI944072
153,0.553,David Jackson,F,1979-04-26,"231 Grafton St, Navan",Teacher,
153,0.553,David Jackson,F,1968-08-07,"699 O'Connell St, Drogheda",IT Consultant,
154,0.65,Susan Gonzalez,M,1954-09-15,"158 Dame St, Cork",Nurse,IE22BOFI999728
154,0.65,Susan Gonzalez,M,1950-09-11,"33 Church Rd, Waterford",Director,IE66BOFI945368
155,1.0,James Moore,M,1958-11-08,"293 Main St, Cork",Farmer,IE82BOFI928713
155,1.0,James Moore,M,1958-11-08,"170 New Address Rd, Navan",Farmer,IE82BOFI928713
156,0.999,Susan Moore,F,1975-06-14,"348 Oliver Plunkett St, Bray",Retiree,IE15BOFI904424
156,0.999,Susan Moore,F,1975-06-14,"348 Oliver Plunkett St, Bray",Retiree,IE15BOFI904424
156,0.999,uSsan Moore,F,1975-06-14,"348 Oliver Plunkett St, Bray",Retiree,IE15BOFI904424
157,0.62,Joseph Miller,F,1982-02-06,"494 Griffith Ave, Swords",Sales,
157,0.679,Joseph Miller,F,1967-09-02,"549 Church Rd, Drogheda",Student,
157,0.536,Joseph Miller,F,1993-01-24,"281 O'Connell St, Limerick",Accountant,IE53BOFI932951
157,0.679,Joseph Miller,F,1967-09-02,"549 Church Rd, Drogheda",Student,
158,1.0,Lisa Thomas,M,2004-08-26,"194 Oak Park, Dundalk",Student,IE51BOFI992893
158,1.0,Lisa Thomas,M,2004-08-26,"194 Oak Park, Dundalk",Student,IE51BOFI992893
159,0.696,Jennifer Rodriguez,M,1995-03-18,"883 High St, Navan",Accountant,IE54BOFI914158
159,0.696,Jennifer Rodriguez,M,1996-12-08,"188 Oliver Plunkett St, Navan",Director,
160,0.999,John Garcia,F,1993-03-14,"402 Eyre Square, Cork",Civil Servant,IE54BOFI927964
160,0.999,John Gacria,F,,"402 Eyre Square, Cork",Civil Servant,IE54BOFI927964
161,1.0,Michael Gonzalez,F,1975-12-22,"97 Main St, Galway",Manager,IE14BOFI941634
161,1.0,Michael Gonzalez,F,1975-12-22,"97 Main St, Galway",Manager,IE14BOFI941634
162,1.0,Sarah Williams,F,1998-04-20,"933 Main St, Waterford",Nurse,IE33BOFI933944
162,1.0,Sarah Williams,F,1998-04-20,"933 Main St, Waterford",Nurse,IE33BOFI933944
163,1.0,Jennifer Lopez,M,1963-07-06,"849 Church Rd, Cork",Doctor,IE59BOFI931269
163,1.0,Jennifer Loepz,,1963-07-06,"849 Church Rd, Cork",Doctor,IE59BOFI931269
164,0.89,AIB Group,,,"81 Eyre Square, Galway",,IE12BOFI994458
164,0.89,AIB Group,,,"964 Henry St, Galway",,IE35BOFI924056
165,1.0,John Rodriguez,M,2005-07-26,"290 Eyre Square, Bray",Nurse,IE37BOFI906898
165,1.0,John Rodriguez,M,2005-07-26,"290 Eyre Square, Bray",Nurse,IE37BOFI906898
166,0.525,Michael Hernandez,M,2002-05-10,"846 Oliver Plunkett St, Galway",Engineer,
166,0.525,Michael Hernandez,M,1995-05-11,"979 Seaview, Limerick",Sales,IE58BOFI942228
167,0.998,Dunnes Solutions,,,"451 O'Connell St, Cork",,IE21BOFI903132
167,0.998,Dunnes Solutions,,,"263 New Address Rd, Dundalk",,IE21BOFI903132
168,1.0,Richard Rodriguez,M,1991-12-07,"646 Main St, Cork",Technician,IE98BOFI903020
168,1.0,Richard Rodriguez,M,1991-12-07,"646 Main St, Cork",Technician,IE98BOFI903020
169,1.0,Joseph Davis,M,1954-06-05,"189 Dame St, Dublin",IT Consultant,IE55BOFI929406
169,1.0,Joseph Davis,,1954-06-05,"189 Dame St, Dublin",IT Consultant,IE55BOFI929406
169,1.0,Joseph Davis,M,1954-06-05,"189 Dame St, Dublin",IT Consultant,IE55BOFI929406
170,1.0,Jessica Martinez,F,1972-12-19,"264 Patrick St, Bray",Student,IE98BOFI919469
170,1.0,Jessica aMrtinez,F,,"264 Patrick St, Bray",Student,IE98BOFI919469
171,0.999,Robert Garcia,F,1960-05-16,"984 Henry St, Swords",Admin,IE64BOFI930070
171,0.999,Rober tGarcia,F,1960-05-16,"984 Henry St, Swords",Admin,IE64BOFI930070
172,0.994,Vodafone Holdings,,,"644 Eyre Square, Navan",,IE62BOFI999871
172,0.992,Vodafone oHldings,,,"534 New Address Rd, Galway",,IE62BOFI999871
172,0.994,Vodafone Holdings,,,"644 Eyre Square, Navan",,IE62BOFI999871
173,0.997,John Thomas,F,1994-01-16,"574 High St, Swords",IT Consultant,IE35BOFI919311
173,0.997,Jhon Thomas,F,1994-01-16,"37 New Address Rd, Dublin",IT Consultant,IE35BOFI919311
174,0.997,Karen Anderson,F,1983-05-24,"608 Oak Park, Bray",Farmer,IE59BOFI925065
174,0.997,Karen Anderson,F,1983-05-24,"381 New Address Rd, Drogheda",,IE59BOFI925065
175,1.0,John Williams,M,1955-05-02,"234 Dame St, Bray",Civil Servant,IE78BOFI970729
175,1.0,John Williams,,1955-05-02,"234 Dame St, Bray",Civil Servant,IE78BOFI970729
175,1.0,JohnWilliams,,1955-05-02,"234 Dame St, Bray",Civil Servant,IE78BOFI970729
176,1.0,James Brown,F,2002-08-27,"477 Henry St, Waterford",Accountant,IE21BOFI902512
176,1.0,James Brown,,,"477 Henry St, Waterford",Accountant,IE21BOFI902512
177,0.844,Jessica Anderson,F,1999-07-08,"529 Main St, Galway",Technician,IE14BOFI949500
177,0.844,Jessica Anderson,F,1982-08-08,"35 Dame St, Waterford",Nurse,
178,1.0,John Miller,F,1964-03-07,"632 Shop St, Dundalk",Admin,IE96BOFI966902
178,1.0,John Miller,F,1964-03-07,"632 Shop St, Dundalk",Admin,IE96BOFI966902
179,0.995,Mary Gonzalez,M,1974-07-26,"198 Henry St, Dundalk",Manager,IE30BOFI912055
179,0.995,Mary Gonalez,M,1974-07-26,"198 Henry St, Dundalk",,IE30BOFI912055
180,1.0,Mary Wilson,M,1964-07-26,"148 Shop St, Cork",Civil Servant,IE81BOFI927741
180,1.0,Mary Wilson,M,,"148 Shop St, Cork",Civil Servant,IE81BOFI927741
181,0.767,Vodafone Group,,,"172 Shop St, Cork",,IE99BOFI949872
181,0.767,Vodafone Group,,,"965 Patrick St, Drogheda",,IE40BOFI936179
182,1.0,William Taylor,F,1956-01-25,"344 Shop St, Dundalk",Nurse,IE50BOFI982342
182,1.0,William Taylor,F,1956-01-25,"344 Shop St, Dundalk",Nurse,IE50BOFI982342
183,1.0,Sarah Jackson,M,2004-02-16,"570 Eyre Square, Bray",Admin,IE53BOFI925642
183,1.0,Sarah Jackson,M,2004-02-16,"570 Eyre Square, Bray",Admin,IE53BOFI925642
184,0.998,Ryanair Solutions,,,"770 Dame St, Bray",,IE71BOFI910431
184,0.995,Ryanair Solutions,,,"875 New Address Rd, Dundalk",,IE71BOFI910431
184,0.995,RyanairS olutions,,,"770 Dame St, Bray",,IE71BOFI910431
184,0.998,Ryanair Solutions,,,"770 Dame St, Bray",,IE71BOFI910431
185,0.979,Sarah Brown,F,1960-06-04,"313 Church Rd, Cork",Sales,
185,0.979,Sarh Brown,F,1960-06-04,"313 Church Rd, Cork",Sales,
186,0.995,Sarah Johnson,F,1950-12-21,"496 Griffith Ave, Swords",IT Consultant,IE34BOFI959537
186,0.995,Sarah Jhnson,F,,"496 Griffith Ave, Swords",,IE34BOFI959537
187,0.998,James Lopez,M,1973-01-02,"387 Dame St, Cork",Farmer,IE58BOFI928749
187,0.992,James Lopez,M,,"811 New Address Rd, Waterford",,IE58BOFI928749
187,0.992,Jmaes Lopez,,1973-01-02,"304 New Address Rd, Drogheda",Farmer,IE58BOFI928749
188,0.976,Mary Johnson,F,1961-01-09,"773 High St, Drogheda",Builder,
188,0.976,Mary Johnson,,1961-01-09,"773 High St, Drogheda",,
189,0.999,Lisa Garcia,F,1960-08-02,"360 Henry St, Navan",Retiree,IE47BOFI957614
189,0.999,Lisa Grcia,,1960-08-02,"915 New Address Rd, Cork",Retiree,IE47BOFI957614
190,0.996,Elizabeth Thomas,F,1993-02-17,"869 Seaview, Dublin",Engineer,IE63BOFI940647
190,0.996,Elzabeth Thomas,F,1993-02-17,"869 Seaview, Dublin",,IE63BOFI940647
191,1.0,Susan Martinez,M,1963-12-25,"797 High St, Swords",Farmer,IE61BOFI996839
191,1.0,Susan Martinez,M,1963-12-25,"797 High St, Swords",Farmer,IE61BOFI996839
192,1.0,David Wilson,M,2005-07-09,"53 Griffith Ave, Swords",Manager,IE87BOFI912961
192,1.0,David Wilson,M,2005-07-09,"407 New Address Rd, Bray",Manager,IE87BOFI912961
193,0.999,James Moore,M,1990-04-08,"487 Eyre Square, Navan",Teacher,IE11BOFI993853
193,0.995,James Moore,M,1990-04-08,"487 Eyre Square, Navan",,IE11BOFI993853
193,0.995,Jame sMoore,,,"487 Eyre Square, Navan",Teacher,IE11BOFI993853
194,1.0,Joseph Anderson,F,1969-01-25,"46 Oak Park, Dublin",Builder,IE10BOFI989262
194,1.0,Joseph Anderson,,1969-01-25,"554 New Address Rd, Galway",Builder,IE10BOFI989262
195,0.656,Sarah Miller,F,1974-11-02,"783 Oliver Plunkett St, Bray",Driver,IE79BOFI921183
195,0.656,Sarah Miller,F,1960-04-22,"357 Oliver Plunkett St, Navan",Manager,IE99BOFI931363
196,0.999,William Anderson,M,1979-11-13,"904 Henry St, Galway",Nurse,IE32BOFI989995
196,0.999,William Adnerson,M,1979-11-13,"21 New Address Rd, Dundalk",Nurse,IE32BOFI989995
197,1.0,David Jackson,M,1957-01-12,"633 Grafton St, Dublin",Civil Servant,IE92BOFI972440
197,1.0,David Jackson,M,1957-01-12,"633 Grafton St, Dublin",Civil Servant,IE92BOFI972440
198,1.0,Jessica Johnson,M,1987-11-28,"9 Seaview, Swords",Farmer,IE88BOFI935127
198,1.0,Jessica Johnson,M,1987-11-28,"97 New Address Rd, Cork",Farmer,IE88BOFI935127
199,1.0,Sarah Jackson,M,1955-05-21,"240 Patrick St, Limerick",Doctor,IE82BOFI971992
199,1.0,Sarah Jackson,,1955-05-21,"240 Patrick St, Limerick",Doctor,IE82BOFI971992
200,1.0,Michael Martin,M,1968-12-19,"901 O'Connell St, Dublin",Manager,IE44BOFI993152
200,1.0,ichael Martin,,1968-12-19,"901 O'Connell St, Dublin",Manager,IE44BOFI993152
201,0.999,Thomas Anderson,M,1987-11-08,"236 Oliver Plunkett St, Bray",Accountant,IE37BOFI971374
201,0.999,Thoams Anderson,M,1987-11-08,"236 Oliver Plunkett St, Bray",Accountant,IE37BOFI971374
202,0.999,James Martin,M,1971-01-10,"799 Shop St, Bray",IT Consultant,IE53BOFI926361
202,0.999,James Mratin,M,,"799 Shop St, Bray",IT Consultant,IE53BOFI926361
203,1.0,Thomas Miller,M,1984-12-14,"128 Oliver Plunkett St, Dundalk",Admin,IE38BOFI992291
203,1.0,Thomas Miller,M,1984-12-14,"128 Oliver Plunkett St, Dundalk",Admin,IE38BOFI992291
204,0.732,William Moore,F,1988-10-06,"782 Oak Park, Bray",Civil Servant,IE65BOFI971657
204,0.71,William Moore,F,1964-03-08,"116 Main St, Bray",Admin,
204,0.71,William Moore,F,1964-03-08,"116 Main St, Bray",Admin,
204,0.689,William Moore,F,1988-10-06,"245 New Address Rd, Navan",Civil Servant,IE65BOFI971657
205,1.0,Elizabeth Miller,F,1998-06-02,"919 Patrick St, Limerick",Civil Servant,IE33BOFI900950
205,1.0,Elizabteh Miller,F,1998-06-02,"919 Patrick St, Limerick",Civil Servant,IE33BOFI900950
206,0.999,Karen Miller,F,1953-10-30,"303 Seaview, Dundalk",Civil Servant,IE47BOFI948712
206,0.999,Kraen Miller,,1953-10-30,"303 Seaview, Dundalk",Civil Servant,IE47BOFI948712
207,1.0,Robert Thomas,M,1986-05-26,"689 Grafton St, Drogheda",IT Consultant,IE83BOFI984130
207,1.0,Robert Thomas,M,1986-05-26,"689 Grafton St, Drogheda",IT Consultant,IE83BOFI984130
208,1.0,Susan Wilson,M,1973-07-17,"705 Henry St, Galway",Teacher,IE61BOFI911474
208,1.0,Susan Wilson,M,1973-07-17,"705 Henry St, Galway",Teacher,IE61BOFI911474
209,0.997,William Johnson,M,1958-05-18,"834 High St, Galway",Engineer,IE76BOFI950876
209,0.997,William Johnson,M,1958-05-18,"532 New Address Rd, Cork",,IE76BOFI950876
210,0.994,James Wilson,M,1988-08-21,"512 Oliver Plunkett St, Swords",Admin,IE36BOFI902861
210,0.994,James Wilsno,,1988-08-21,"512 Oliver Plunkett St, Swords",,IE36BOFI902861
211,1.0,James Martin,F,1974-09-19,"846 Patrick St, Swords",IT Consultant,IE40BOFI954699
211,0.999,James Martin,F,1974-09-19,"231 New Address Rd, Dublin",IT Consultant,IE40BOFI954699
211,0.999,Jmes Martin,F,1974-09-19,"846 Patrick St, Swords",IT Consultant,IE40BOFI954699
212,1.0,David Lopez,F,1958-10-13,"500 Eyre Square, Dublin",Driver,IE54BOFI931547
212,1.0,David Lopez,F,,"746 New Address Rd, Dublin",Driver,IE54BOFI931547
213,0.999,David Smith,F,1997-02-23,"107 Griffith Ave, Dublin",Retiree,IE31BOFI954323
213,0.999,David Smih,F,1997-02-23,"479 New Address Rd, Waterford",Retiree,IE31BOFI954323
214,0.999,Robert Johnson,M,1985-06-08,"166 Patrick St, Swords",Engineer,IE85BOFI976725
214,0.999,Robert ohnson,M,1985-06-08,"251 New Address Rd, Navan",Engineer,IE85BOFI976725
215,0.998,Vodafone PLC,,,"637 O'Connell St, Galway",,IE67BOFI990314
215,0.998,Vodafone PLC,,,"132 New Address Rd, Drogheda",,IE67BOFI990314
216,1.0,Elizabeth Anderson,M,1977-04-17,"276 Oliver Plunkett St, Dublin",Doctor,IE89BOFI914091
216,1.0,Elizabeth Anderson,M,1977-04-17,"276 Oliver Plunkett St, Dublin",Doctor,IE89BOFI914091
217,0.996,Jennifer Martin,M,1958-05-20,"868 Grafton St, Waterford",Doctor,IE73BOFI914989
217,0.996,Jennifer Martin,M,,"580 New Address Rd, Bray",,IE73BOFI914989
218,1.0,John Williams,F,1999-04-16,"486 O'Connell St, Limerick",Teacher,IE92BOFI938151
218,1.0,John Williams,F,1999-04-16,"486 O'Connell St, Limerick",Teacher,IE92BOFI938151
219,0.997,Elizabeth Jones,M,1986-01-25,"739 Oak Park, Drogheda",Farmer,
219,0.997,Elizabeth Jones,M,1986-01-25,"739 Oak Park, Drogheda",Farmer,
220,0.999,Robert Thomas,F,1969-06-06,"361 Patrick St, Drogheda",Admin,IE99BOFI914639
220,0.999,Robert hTomas,F,1969-06-06,"361 Patrick St, Drogheda",Admin,IE99BOFI914639
221,1.0,Joseph Smith,F,1985-11-11,"296 Main St, Waterford",Retiree,IE93BOFI914675
221,1.0,Joseph Smith,,1985-11-11,"296 Main St, Waterford",Retiree,IE93BOFI914675
222,1.0,Michael Hernandez,F,2002-12-27,"990 Oak Park, Cork",Sales,IE17BOFI948673
222,1.0,Michale Hernandez,F,2002-12-27,"990 Oak Park, Cork",Sales,IE17BOFI948673
223,0.989,William Rodriguez,F,1967-08-18,"787 Dame St, Navan",Builder,
223,0.989,William Rodriuez,F,1967-08-18,"787 Dame St, Navan",Builder,
224,1.0,James Rodriguez,M,1965-06-06,"587 Grafton St, Navan",Retiree,IE35BOFI910360
224,1.0,James Rodriguez,M,1965-06-06,"587 Grafton St, Navan",Retiree,IE35BOFI910360
225,1.0,John Johnson,F,1950-08-13,"499 Eyre Square, Swords",Teacher,IE23BOFI937334
225,1.0,John Johnson,F,1950-08-13,"499 Eyre Square, Swords",Teacher,IE23BOFI937334
226,1.0,Richard Martin,M,1960-09-25,"317 Main St, Swords",Technician,IE95BOFI998061
226,1.0,Richard Martin,M,1960-09-25,"242 New Address Rd, Limerick",Technician,IE95BOFI998061
227,0.997,Karen Martin,F,1996-06-02,"131 O'Connell St, Galway",Admin,
227,0.997,Karen Martin,F,1996-06-02,"131 O'Connell St, Galway",Admin,
228,1.0,Thomas Thomas,M,1985-07-07,"779 Seaview, Drogheda",Technician,IE88BOFI947972
228,1.0,Thomas Thomas,M,1985-07-07,"779 Seaview, Drogheda",Technician,IE88BOFI947972
229,0.982,Susan Gonzalez,M,2005-10-02,"697 Patrick St, Bray",Engineer,
229,0.982,SusanG onzalez,M,2005-10-02,"697 Patrick St, Bray",Engineer,
230,0.997,Mary Smith,M,1994-12-10,"891 Seaview, Drogheda",Engineer,
230,0.997,Mary Smith,M,1994-12-10,"891 Seaview, Drogheda",Engineer,
231,0.667,Elizabeth Smith,F,1968-01-28,"156 Grafton St, Cork",Civil Servant,
231,0.667,Elizabeth Smith,F,1954-07-11,"202 Grafton St, Navan",Manager,
232,0.979,David Davis,F,1994-05-23,"96 O'Connell St, Limerick",Nurse,
232,0.979,David avis,F,,"96 O'Connell St, Limerick",Nurse,
233,0.986,Susan Anderson,M,1992-08-08,"980 Dame St, Swords",Manager,
233,0.986,Susa Anderson,M,1992-08-08,"980 Dame St, Swords",Manager,
234,0.997,Jennifer Miller,F,1981-06-08,"727 Seaview, Waterford",Driver,
234,0.997,Jennifer Miller,F,1981-06-08,"727 Seaview, Waterford",Driver,
235,0.967,Linda Williams,F,1957-04-25,"165 Griffith Ave, Bray",Technician,
235,0.967,Linda Williams,F,1957-04-25,"165 Griffith Ave, Bray",,
236,0.936,AIB Holdings,,,"884 Dame St, Limerick",,
236,0.936,AIB Holdings,,,"134 Oak Park, Swords",,
237,0.759,Susan Jones,M,1950-12-08,"669 Seaview, Navan",Technician,
237,0.861,Susan Jones,M,1993-07-02,"582 Oak Park, Dublin",Technician,
237,0.861,Susan Jones,M,1993-07-02,"582 Oak Park, Dublin",Technician,
237,0.861,Susan Jones,M,1993-07-02,"582 Oak Park, Dublin",Technician,
238,0.976,Karen Thomas,F,2001-07-05,"252 Dame St, Drogheda",Nurse,
238,0.976,Kraen Thomas,F,2001-07-05,"252 Dame St, Drogheda",Nurse,
239,0.94,Lidl PLC,,,"108 O'Connell St, Galway",,
239,0.94,Lidl PLC,,,"979 Shop St, Dundalk",,
240,0.988,Robert Hernandez,M,1971-11-02,"835 Oliver Plunkett St, Limerick",Doctor,
240,0.988,Robert Henandez,M,1971-11-02,"835 Oliver Plunkett St, Limerick",Doctor,
241,0.982,Lisa Davis,M,1950-09-15,"774 Patrick St, Bray",Builder,
241,0.982,Lisa Davis,M,1950-09-15,"774 Patrick St, Bray",Builder,
241,0.975,LisaD avis,,1950-09-15,"774 Patrick St, Bray",Builder,
242,0.997,James Miller,F,1960-07-31,"954 Griffith Ave, Swords",Teacher,
242,0.997,James Miller,F,,"954 Griffith Ave, Swords",Teacher,
243,0.998,Linda Jackson,F,1952-05-11,"984 O'Connell St, Bray",Doctor,
243,0.998,Linda Jackson,,1952-05-11,"984 O'Connell St, Bray",Doctor,
244,0.985,Karen Johnson,M,1958-10-14,"689 O'Connell St, Navan",Admin,
244,0.985,Kare nJohnson,,1958-10-14,"689 O'Connell St, Navan",Admin,
245,0.976,Three Group,,,"193 Seaview, Swords",,
245,0.976,Three Group,,,"193 Seaview, Swords",,
246,0.948,SuperValu Group,,,"463 Seaview, Galway",,
246,0.948,SuperValu Group,,,"463 Seaview, Galway",,
246,0.916,SuprValu Group,,,"463 Seaview, Galway",,
246,0.948,SuperValu Group,,,"463 Seaview, Galway",,
247,1.0,Jessica Moore,M,1968-11-15,"570 Grafton St, Drogheda",Teacher,IE58BOFI969450
248,1.0,Lisa Anderson,F,1997-01-17,"290 Oak Park, Swords",Teacher,IE98BOFI961614
249,1.0,Linda Miller,M,1959-01-03,"305 Dame St, Limerick",Admin,
250,1.0,Mary Smith,M,1988-03-15,"700 Grafton St, Navan",Doctor,IE60BOFI955844
251,1.0,Michael Moore,F,1976-05-03,"165 Oliver Plunkett St, Navan",Engineer,IE79BOFI903258
252,1.0,Joseph Lopez,M,1979-02-17,"267 Oliver Plunkett St, Swords",Manager,IE82BOFI923291
253,1.0,Michael Jones,M,1950-08-25,"967 Patrick St, Dublin",Admin,
254,1.0,Thomas Martinez,M,1998-06-20,"950 O'Connell St, Cork",Director,IE94BOFI960377
255,1.0,Barbara Hernandez,M,1972-09-24,"771 Main St, Drogheda",Retiree,
256,1.0,Richard Taylor,M,2004-06-24,"203 Oliver Plunkett St, Cork",Civil Servant,IE98BOFI991049
257,1.0,Thomas Martin,F,1964-10-29,"393 Patrick St, Galway",Farmer,IE27BOFI910581
258,1.0,Elizabeth Davis,M,1980-01-12,"143 Main St, Waterford",Driver,IE83BOFI937169
259,1.0,Sarah Smith,M,1996-03-14,"903 Seaview, Bray",Teacher,IE52BOFI944705
260,1.0,Thomas Miller,F,1987-10-11,"542 Eyre Square, Drogheda",Retiree,IE68BOFI969733
261,1.0,Susan Garcia,F,1954-06-25,"566 Shop St, Dublin",Engineer,IE60BOFI951638
262,1.0,John Johnson,M,2001-09-16,"527 Seaview, Waterford",Manager,IE95BOFI973973
263,1.0,Smurfit Kappa Ireland,,,"566 Seaview, Swords",,IE32BOFI945199
264,1.0,Eir Ltd,,,"221 Patrick St, Swords",,IE65BOFI930019
265,1.0,Karen Martinez,M,1970-06-07,"920 Henry St, Swords",Manager,IE94BOFI928861
266,1.0,Jessica Wilson,F,1994-11-14,"376 Griffith Ave, Dublin",Technician,IE67BOFI900615
267,1.0,Sarah Anderson,F,1968-08-01,"848 O'Connell St, Navan",Doctor,IE95BOFI910495
268,1.0,Thomas Johnson,F,1982-12-05,"499 Grafton St, Cork",Engineer,IE56BOFI930232
269,1.0,Patricia Martin,F,1966-07-28,"584 Henry St, Dundalk",Retiree,
270,1.0,William Gonzalez,F,1959-04-27,"417 Shop St, Dublin",Farmer,IE42BOFI932680
271,1.0,Robert Moore,M,1972-06-28,"927 Dame St, Limerick",Accountant,IE46BOFI979608
272,1.0,Thomas Moore,M,1972-01-24,"913 Patrick St, Bray",Manager,IE32BOFI926252
273,1.0,Lisa Rodriguez,F,1988-09-23,"451 Dame St, Cork",Nurse,IE47BOFI956510
274,1.0,Susan Rodriguez,F,1984-10-11,"826 Shop St, Waterford",Manager,IE43BOFI944737
275,1.0,Jessica Hernandez,M,1979-02-28,"500 Henry St, Dundalk",Builder,IE32BOFI923833
276,1.0,William Lopez,M,1960-12-16,"890 Patrick St, Swords",Teacher,IE91BOFI940696
277,1.0,Jessica Johnson,M,1954-12-09,"892 Henry St, Galway",Accountant,IE94BOFI911079
278,1.0,Karen Gonzalez,M,1962-02-28,"607 Main St, Limerick",Director,IE28BOFI923091
279,1.0,Thomas Jackson,M,1958-02-02,"638 Henry St, Navan",Manager,
280,1.0,William Miller,F,1968-06-26,"799 Seaview, Galway",Farmer,IE31BOFI922141
281,1.0,David Garcia,M,1993-09-11,"271 O'Connell St, Drogheda",Manager,IE82BOFI965502
282,1.0,Thomas Jones,F,2001-03-17,"682 Grafton St, Swords",Driver,IE63BOFI993244
283,1.0,Linda Brown,M,1989-01-08,"446 Church Rd, Swords",Farmer,IE52BOFI952945
284,1.0,Thomas Jones,F,1964-02-07,"562 Main St, Limerick",Accountant,
285,1.0,Richard Miller,F,1972-06-21,"465 Griffith Ave, Dundalk",Manager,IE97BOFI940970
286,1.0,James Jackson,M,1966-11-14,"35 High St, Dublin",Driver,IE79BOFI902339
287,1.0,Michael Johnson,F,1966-01-17,"655 Griffith Ave, Bray",Driver,IE14BOFI964800
288,1.0,Sarah Brown,M,1989-03-06,"790 Oliver Plunkett St, Navan",Engineer,IE59BOFI960616
289,1.0,William Rodriguez,M,1953-08-20,"951 Main St, Galway",Engineer,IE70BOFI938415
290,1.0,Richard Gonzalez,M,1967-08-13,"299 Henry St, Navan",Director,IE27BOFI936934
291,1.0,Lidl Ireland,,,"212 Church Rd, Dublin",,IE15BOFI943798
292,1.0,Karen Williams,F,1998-05-01,"346 Eyre Square, Waterford",Accountant,IE55BOFI983476
293,1.0,Elizabeth Thomas,M,1972-10-12,"627 Henry St, Waterford",Engineer,IE34BOFI907387
294,1.0,Linda Wilson,F,1978-07-10,"949 Shop St, Dundalk",Director,IE57BOFI922879
295,1.0,John Smith,F,1957-04-07,"807 O'Connell St, Waterford",Driver,IE23BOFI979131
296,1.0,Mary Smith,M,1988-09-22,"537 Grafton St, Navan",Nurse,IE83BOFI976020
297,1.0,Mary Hernandez,M,1973-07-21,"175 Grafton St, Bray",Farmer,IE89BOFI998003
298,1.0,Michael Gonzalez,F,1966-04-20,"430 Henry St, Limerick",Technician,IE15BOFI997031
299,1.0,Karen Brown,M,2003-01-15,"562 Church Rd, Drogheda",Builder,IE91BOFI906968
300,1.0,Karen Gonzalez,M,1976-10-26,"952 Shop St, Limerick",IT Consultant,IE39BOFI923544
301,1.0,Susan Jackson,M,2005-09-30,"299 Dame St, Drogheda",Doctor,
302,1.0,Elizabeth Taylor,M,2005-05-10,"676 O'Connell St, Drogheda",Driver,IE97BOFI964608
303,1.0,Susan Williams,F,1991-10-14,"594 Patrick St, Limerick",Driver,IE82BOFI911043
304,1.0,Spar Solutions,,,"86 Dame St, Galway",,
305,1.0,Centra Services,,,"991 Grafton St, Waterford",,IE23BOFI901887
306,1.0,Spar PLC,,,"426 Church Rd, Navan",,IE60BOFI921598
307,1.0,Kerry Group Group,,,"708 Grafton St, Bray",,
308,1.0,Barbara Moore,F,1999-07-22,"81 Seaview, Swords",Engineer,IE64BOFI905508
309,1.0,Patricia Smith,M,1993-08-18,"47 Shop St, Waterford",Manager,IE25BOFI933227
310,1.0,Lidl Solutions,,,"267 Shop St, Limerick",,
311,1.0,Thomas Johnson,F,1999-04-14,"661 Oak Park, Navan",Engineer,IE30BOFI933947
312,1.0,Lisa Garcia,F,1954-11-30,"776 Seaview, Waterford",Retiree,
313,1.0,David Taylor,F,1984-02-13,"394 Grafton St, Dublin",Teacher,IE49BOFI962088
314,1.0,David Rodriguez,M,1987-11-01,"472 Patrick St, Waterford",Teacher,IE25BOFI975816
315,1.0,William Jackson,M,1955-12-18,"585 Oliver Plunkett St, Bray",Technician,IE69BOFI953071
316,1.0,Lisa Anderson,M,1994-01-03,"756 Church Rd, Galway",Civil Servant,IE10BOFI997938
317,1.0,Jennifer Gonzalez,F,1982-07-12,"645 Patrick St, Waterford",Doctor,IE83BOFI939465
318,1.0,Lisa Miller,M,1985-02-28,"545 Henry St, Waterford",Doctor,IE68BOFI997502
319,1.0,Barbara Brown,M,1957-11-15,"760 Eyre Square, Swords",Driver,IE23BOFI978607
320,1.0,Linda Garcia,F,1977-12-08,"956 Grafton St, Swords",Doctor,IE89BOFI925710
321,1.0,Richard Martin,F,1998-11-30,"357 Henry St, Drogheda",Retiree,
322,1.0,Jessica Wilson,F,1961-05-20,"295 Dame St, Dublin",Civil Servant,IE80BOFI947521
323,1.0,Patricia Anderson,F,2003-12-16,"756 Griffith Ave, Swords",Student,IE78BOFI981295
324,1.0,Barbara Moore,M,1965-08-24,"688 Seaview, Waterford",Retiree,IE66BOFI964870
325,1.0,John Gonzalez,F,1984-07-14,"964 Dame St, Swords",Doctor,IE56BOFI911312
326,1.0,Jessica Gonzalez,F,1978-07-12,"618 Dame St, Limerick",Technician,IE71BOFI954105
327,1.0,Susan Davis,M,1964-01-13,"269 Griffith Ave, Waterford",Doctor,IE45BOFI937631
328,1.0,David Taylor,F,1979-06-16,"693 Griffith Ave, Waterford",Farmer,IE12BOFI928299
329,1.0,Thomas Brown,M,1952-08-05,"818 Oliver Plunkett St, Navan",Nurse,IE98BOFI958500
330,1.0,Michael Davis,M,2001-05-31,"524 O'Connell St, Waterford",Admin,IE69BOFI915132
331,1.0,Linda Martinez,F,1956-11-19,"82 Shop St, Limerick",Accountant,IE77BOFI930614
332,1.0,Richard Anderson,M,1983-02-28,"368 Oliver Plunkett St, Cork",IT Consultant,IE94BOFI996843
333,1.0,Linda Moore,F,1953-03-31,"506 Patrick St, Limerick",Teacher,IE36BOFI984299
334,1.0,Thomas Moore,M,1953-05-14,"372 O'Connell St, Waterford",Engineer,IE98BOFI903644
335,1.0,Karen Hernandez,M,1979-01-23,"754 Main St, Dublin",Civil Servant,IE69BOFI948052
336,1.0,James Hernandez,F,1963-03-30,"148 High St, Swords",Technician,IE30BOFI939210
337,1.0,John Gonzalez,M,1959-05-20,"395 Oak Park, Bray",Accountant,IE80BOFI931690
338,1.0,Karen Jackson,M,1985-11-14,"281 Shop St, Swords",Doctor,IE98BOFI945242
339,1.0,Jennifer Davis,M,1982-03-19,"995 Griffith Ave, Waterford",Student,IE28BOFI920827
340,1.0,Robert Miller,F,1970-03-04,"823 Shop St, Waterford",Farmer,IE50BOFI936318
341,1.0,William Williams,M,2002-10-02,"829 Henry St, Galway",Civil Servant,IE86BOFI954267
342,1.0,John Jackson,M,2000-08-16,"470 Seaview, Dundalk",Technician,IE49BOFI902145
343,1.0,John Gonzalez,F,1961-12-16,"859 Church Rd, Swords",Sales,IE79BOFI912045
344,1.0,Richard Lopez,M,1976-03-24,"147 Dame St, Dublin",Student,IE69BOFI984337
345,1.0,John Smith,M,1959-05-11,"643 Eyre Square, Cork",Doctor,IE60BOFI972991
346,1.0,Jessica Martinez,F,1982-09-07,"91 Main St, Dundalk",Manager,IE88BOFI992247
347,1.0,Lisa Jackson,F,1958-08-23,"793 Eyre Square, Drogheda",Civil Servant,IE64BOFI954875
348,1.0,Joseph Martin,M,1964-10-22,"968 Eyre Square, Drogheda",Manager,IE41BOFI941677
349,1.0,Barbara Hernandez,F,1951-11-28,"373 Seaview, Bray",Sales,IE23BOFI977084
350,1.0,John Thomas,F,1993-07-19,"209 Henry St, Dublin",Civil Servant,IE79BOFI994006
351,1.0,Ryanair Group,,,"332 Shop St, Drogheda",,IE36BOFI988568
352,1.0,Karen Rodriguez,F,1992-03-12,"151 Patrick St, Galway",Farmer,IE14BOFI966972
353,1.0,Karen Martin,M,1992-06-14,"425 Shop St, Navan",Civil Servant,IE83BOFI952605
354,1.0,Susan Davis,M,2003-06-07,"148 Main St, Waterford",Sales,IE96BOFI970491
355,1.0,Karen Taylor,M,1980-12-02,"171 Patrick St, Drogheda",Accountant,IE58BOFI985105
356,1.0,Lisa Thomas,M,1987-07-14,"930 Main St, Swords",Builder,IE17BOFI988008
357,1.0,Tesco Solutions,,,"40 Seaview, Swords",,IE50BOFI923177
358,1.0,Mary Wilson,M,1962-03-08,"939 Henry St, Dublin",Technician,IE55BOFI983465
359,1.0,William Jackson,M,1986-01-05,"719 Griffith Ave, Dublin",Director,IE20BOFI960424
360,1.0,John Wilson,M,1959-05-11,"710 Grafton St, Galway",Accountant,IE19BOFI954420
361,1.0,Glanbia Holdings,,,"999 Main St, Galway",,
362,1.0,Joseph Hernandez,M,1977-11-10,"783 Church Rd, Cork",Teacher,IE66BOFI916708
363,1.0,Sarah Taylor,F,2003-03-16,"21 Patrick St, Dundalk",Engineer,IE10BOFI919594
364,1.0,Thomas Thomas,M,1972-09-22,"297 Griffith Ave, Waterford",Nurse,IE71BOFI917891
365,1.0,Mary Brown,F,1993-06-06,"719 Grafton St, Dublin",Doctor,IE36BOFI922279
366,1.0,Mary Johnson,M,1990-08-06,"653 High St, Waterford",Technician,IE71BOFI919236
367,1.0,Jennifer Anderson,F,1995-04-19,"63 Oak Park, Dundalk",Accountant,IE47BOFI935198
368,1.0,Susan Davis,F,1962-10-08,"354 Griffith Ave, Dublin",Builder,IE15BOFI943756
369,1.0,Patricia Martinez,M,1965-09-19,"158 Church Rd, Galway",Accountant,
370,1.0,Mary Davis,F,1984-12-11,"940 Church Rd, Dundalk",Admin,
371,1.0,David Martinez,F,1967-11-24,"923 Grafton St, Galway",Admin,IE11BOFI948832
372,1.0,Patricia Martin,M,1966-05-23,"739 Oak Park, Galway",Admin,IE46BOFI993853
373,1.0,John Hernandez,M,1981-10-18,"507 Oak Park, Limerick",Retiree,IE47BOFI941600
374,1.0,Jessica Smith,M,1964-09-02,"758 Church Rd, Galway",Director,IE25BOFI955370
375,1.0,Richard Hernandez,F,1991-09-16,"644 Main St, Bray",Farmer,IE97BOFI971867
376,1.0,Thomas Gonzalez,M,1974-09-26,"366 Grafton St, Dublin",Nurse,
377,1.0,Mary Brown,F,1969-07-26,"158 Shop St, Dublin",Accountant,IE56BOFI950102
378,1.0,John Brown,M,1999-08-22,"13 Oak Park, Drogheda",Student,IE37BOFI958046
379,1.0,Barbara Thomas,F,1963-09-06,"711 Dame St, Drogheda",Sales,IE85BOFI906035
380,1.0,Richard Williams,M,1959-07-21,"175 Dame St, Dublin",Retiree,IE97BOFI961457
381,1.0,Mary Smith,M,1955-04-01,"561 Church Rd, Galway",Technician,IE29BOFI947594
382,1.0,Lisa Rodriguez,M,1976-05-29,"397 Griffith Ave, Dublin",Student,IE17BOFI940417
383,1.0,Sarah Anderson,F,1954-01-16,"538 Eyre Square, Drogheda",Manager,IE74BOFI994518
384,1.0,Jessica Gonzalez,M,1965-08-02,"725 Grafton St, Bray",Builder,IE20BOFI991505
385,1.0,Sarah Gonzalez,M,2004-05-12,"955 Church Rd, Drogheda",Driver,IE76BOFI913871
386,1.0,Lisa Garcia,M,1959-04-16,"696 High St, Cork",Accountant,IE35BOFI936452
387,1.0,Elizabeth Davis,M,1971-05-17,"916 Eyre Square, Bray",Engineer,IE80BOFI948821
388,1.0,William Jones,M,1970-07-18,"448 Shop St, Dublin",Engineer,IE87BOFI987595
389,1.0,Richard Davis,F,2002-03-15,"588 Oliver Plunkett St, Navan",Accountant,IE92BOFI945281
390,1.0,Patricia Hernandez,M,1959-04-07,"883 Patrick St, Galway",Accountant,IE79BOFI926312
391,1.0,Karen Garcia,M,2000-11-21,"426 Oak Park, Galway",Accountant,IE26BOFI996268
392,1.0,James Smith,F,1953-12-27,"163 Grafton St, Navan",Director,
393,1.0,Linda Jones,M,1970-04-02,"632 Church Rd, Galway",Sales,IE84BOFI933581
394,1.0,Lisa Lopez,F,1976-12-13,"114 Grafton St, Cork",Nurse,IE19BOFI964020
395,1.0,Lisa Jackson,M,2005-03-17,"813 Henry St, Bray",Student,IE66BOFI944239
396,1.0,John Garcia,M,1980-07-20,"936 Seaview, Bray",Doctor,
397,1.0,John Garcia,M,1991-05-02,"299 O'Connell St, Dundalk",Nurse,IE81BOFI934262
398,1.0,James Taylor,M,2003-11-10,"613 Griffith Ave, Galway",Director,IE11BOFI975603
399,1.0,Susan Taylor,M,1972-11-18,"780 Patrick St, Limerick",Farmer,IE99BOFI999564
400,1.0,Patricia Miller,M,1976-05-10,"568 Church Rd, Swords",Accountant,IE44BOFI932846
401,1.0,Sarah Martin,M,1957-01-20,"155 Griffith Ave, Limerick",IT Consultant,IE10BOFI940564
402,1.0,Susan Lopez,M,1969-08-16,"226 Main St, Navan",Sales,IE98BOFI977281
403,1.0,Lisa Brown,F,1957-09-01,"5 Shop St, Drogheda",Admin,IE34BOFI993668
404,1.0,David Taylor,M,2004-07-05,"265 Main St, Bray",Technician,IE82BOFI991062
405,1.0,Kerry Group PLC,,,"57 High St, Bray",,IE66BOFI955192
406,1.0,Thomas Jackson,M,1987-12-14,"124 Eyre Square, Limerick",Student,IE83BOFI998230
407,1.0,Thomas Lopez,F,1969-08-25,"484 Seaview, Navan",Farmer,IE45BOFI994445
408,1.0,James Gonzalez,F,1986-09-16,"746 Patrick St, Drogheda",Teacher,IE22BOFI912450
409,1.0,Robert Martinez,M,2001-05-25,"200 Shop St, Navan",Manager,IE97BOFI916264
410,1.0,Robert Miller,M,1950-05-12,"189 High St, Galway",Sales,
411,1.0,Jessica Jackson,M,1958-03-23,"446 High St, Dublin",Student,IE18BOFI909069
412,1.0,William Taylor,M,1964-08-20,"84 Oliver Plunkett St, Galway",Sales,
413,1.0,Kingspan Group,,,"199 Patrick St, Waterford",,IE20BOFI928076
414,1.0,Michael Jackson,F,1979-04-12,"900 Shop St, Dublin",Nurse,IE48BOFI989032
415,1.0,Robert Anderson,M,1973-05-01,"684 Eyre Square, Dundalk",IT Consultant,IE18BOFI967401
416,1.0,James Williams,F,1954-12-21,"773 Shop St, Drogheda",Doctor,IE85BOFI928191
417,1.0,Jessica Rodriguez,F,1977-11-24,"478 Patrick St, Navan",Admin,IE25BOFI914154
418,1.0,Robert Anderson,F,1990-07-04,"956 Henry St, Dublin",Teacher,IE28BOFI918945
419,1.0,Richard Williams,M,1983-09-07,"477 Seaview, Dundalk",Sales,IE13BOFI985059
420,1.0,Barbara Jackson,M,1951-03-30,"616 Oak Park, Drogheda",Accountant,IE19BOFI938533
421,1.0,Spar Group,,,"660 Church Rd, Drogheda",,IE14BOFI996196
422,1.0,James Jackson,M,1973-05-08,"266 Oliver Plunkett St, Swords",Director,IE31BOFI904110
423,1.0,Karen Miller,M,2002-10-14,"606 Patrick St, Dublin",Driver,IE26BOFI906795
424,1.0,John Gonzalez,M,2003-07-19,"540 Patrick St, Cork",Retiree,IE89BOFI924528
425,1.0,Centra Limited,,,"204 Oliver Plunkett St, Limerick",,
426,1.0,Dunnes Limited,,,"41 High St, Waterford",,IE25BOFI983697
427,1.0,Barbara Moore,F,1986-08-20,"196 Seaview, Galway",Director,IE53BOFI900640
428,1.0,Mary Johnson,F,1990-03-15,"599 Oliver Plunkett St, Cork",Technician,
429,1.0,Elizabeth Davis,F,1971-03-14,"448 Oliver Plunkett St, Drogheda",Director,IE29BOFI911945
430,1.0,Glanbia Services,,,"75 O'Connell St, Limerick",,IE45BOFI934085
431,1.0,Lisa Smith,F,1969-01-11,"301 Oak Park, Navan",Farmer,IE53BOFI935153
432,1.0,Mary Garcia,M,1988-08-04,"769 Oak Park, Dundalk",Engineer,IE22BOFI909488
433,1.0,Barbara Anderson,F,1976-11-27,"990 Patrick St, Bray",Director,
434,1.0,Linda Miller,F,1961-02-06,"762 Oliver Plunkett St, Cork",Doctor,IE92BOFI961332
435,1.0,Patricia Hernandez,M,1995-03-10,"110 Patrick St, Swords",Student,IE83BOFI963673
436,1.0,Barbara Brown,M,1982-12-26,"635 O'Connell St, Navan",IT Consultant,IE14BOFI943574
437,1.0,Mary Jones,M,1973-09-10,"178 Church Rd, Bray",IT Consultant,IE27BOFI906382
438,1.0,Bank of Ireland Solutions,,,"268 Shop St, Dundalk",,IE76BOFI963767
439,1.0,Karen Rodriguez,M,1963-09-29,"129 Griffith Ave, Limerick",Teacher,
440,1.0,Susan Martinez,M,1978-10-04,"654 O'Connell St, Bray",Civil Servant,IE72BOFI942687
441,1.0,Patricia Lopez,F,1991-07-10,"553 High St, Galway",Doctor,IE28BOFI989170
442,1.0,Linda Rodriguez,M,1971-04-10,"587 Main St, Cork",Doctor,IE67BOFI906813
443,1.0,Thomas Lopez,F,1995-04-04,"613 O'Connell St, Bray",Sales,IE42BOFI939635
444,1.0,Karen Thomas,F,1986-10-29,"620 Seaview, Drogheda",Farmer,
445,1.0,Jennifer Jones,M,1974-09-02,"757 Eyre Square, Drogheda",Doctor,IE96BOFI991265
446,1.0,Michael Williams,F,1967-07-28,"667 Shop St, Swords",Builder,IE71BOFI969629
447,1.0,Thomas Johnson,F,2003-06-20,"691 Shop St, Limerick",Teacher,IE20BOFI937405
448,1.0,William Martin,F,1956-09-26,"700 Grafton St, Limerick",Director,IE75BOFI903643
449,1.0,Lisa Taylor,M,1958-04-10,"85 Shop St, Cork",Technician,
450,1.0,AIB Services,,,"949 Oliver Plunkett St, Dundalk",,
451,1.0,Robert Garcia,M,1978-03-26,"119 Oak Park, Galway",Director,IE10BOFI950221
452,1.0,Linda Thomas,M,1973-05-04,"321 Dame St, Swords",Nurse,IE11BOFI998959
453,1.0,Linda Taylor,M,1986-03-13,"569 High St, Waterford",Doctor,IE93BOFI979059
454,1.0,Mary Taylor,F,1960-07-22,"59 Oliver Plunkett St, Bray",IT Consultant,IE70BOFI977463
455,1.0,Mary Martinez,F,1996-08-25,"14 Shop St, Limerick",Nurse,IE14BOFI923203
456,1.0,Robert Jones,M,1982-12-07,"796 Seaview, Dundalk",IT Consultant,IE97BOFI986681
457,1.0,Sarah Rodriguez,M,1997-06-23,"546 Main St, Limerick",Civil Servant,IE16BOFI914004
458,1.0,Joseph Thomas,F,1955-04-29,"948 Shop St, Swords",Farmer,IE66BOFI912527
459,1.0,John Lopez,M,2005-07-03,"778 Dame St, Galway",Retiree,IE47BOFI980978
460,1.0,Jessica Jackson,F,1978-01-13,"684 Eyre Square, Waterford",Teacher,IE21BOFI918455
461,1.0,Thomas Martin,F,1984-04-26,"627 Oliver Plunkett St, Galway",Engineer,IE91BOFI938700
462,1.0,James Martin,M,1970-10-27,"114 Grafton St, Waterford",Sales,IE40BOFI932214
463,1.0,Sarah Martin,F,1953-03-06,"66 Church Rd, Drogheda",Farmer,IE85BOFI956404
464,1.0,James Hernandez,F,1990-10-17,"612 Griffith Ave, Swords",Student,IE66BOFI909121
465,1.0,Michael Thomas,M,1987-12-03,"645 Henry St, Swords",Student,IE83BOFI944258
466,1.0,Kingspan PLC,,,"337 Patrick St, Cork",,
467,1.0,David Wilson,M,1971-12-29,"415 Church Rd, Cork",Director,IE57BOFI942935
468,1.0,Thomas Smith,M,1980-05-03,"152 Griffith Ave, Navan",Admin,IE60BOFI971402
469,1.0,Robert Jackson,F,1952-03-12,"287 Dame St, Waterford",Driver,
470,1.0,Richard Jackson,F,1970-04-16,"929 Oliver Plunkett St, Waterford",Retiree,
471,1.0,David Williams,F,1950-09-05,"364 Eyre Square, Dundalk",Student,IE84BOFI954817
472,1.0,Mary Smith,F,1981-11-23,"974 Griffith Ave, Galway",Admin,IE23BOFI917233
473,1.0,James Williams,M,2003-01-26,"623 O'Connell St, Drogheda",Engineer,IE89BOFI932517
474,1.0,Elizabeth Davis,F,1959-06-27,"290 Seaview, Drogheda",Student,IE41BOFI974280
475,1.0,Linda Jones,F,1973-09-30,"276 Henry St, Dundalk",Director,IE54BOFI943624
476,1.0,John Anderson,M,1953-11-20,"30 Oliver Plunkett St, Drogheda",IT Consultant,IE81BOFI981240
477,1.0,Thomas Garcia,F,1991-03-09,"431 Patrick St, Cork",Teacher,IE41BOFI915771
478,1.0,Karen Martinez,M,1995-05-06,"610 Griffith Ave, Dublin",IT Consultant,IE67BOFI929808
479,1.0,Susan Martinez,F,1975-07-08,"559 Main St, Waterford",Admin,
480,1.0,Joseph Anderson,F,2002-07-19,"934 Griffith Ave, Dundalk",Driver,IE63BOFI970408
481,1.0,Richard Hernandez,M,1987-07-26,"694 Shop St, Cork",Accountant,IE26BOFI956434
482,1.0,Karen Rodriguez,F,1976-04-21,"831 Oak Park, Drogheda",Builder,IE97BOFI987914
483,1.0,Joseph Thomas,F,1950-03-10,"572 O'Connell St, Cork",Manager,IE99BOFI970873
484,1.0,Karen Anderson,M,1996-07-07,"570 Seaview, Waterford",Technician,IE25BOFI939213
485,1.0,Lisa Smith,M,1964-04-07,"739 Patrick St, Cork",Civil Servant,IE19BOFI936593
486,1.0,James Thomas,F,1995-08-03,"675 Eyre Square, Dundalk",Builder,IE14BOFI966763
487,1.0,Karen Martinez,F,1967-07-22,"255 O'Connell St, Galway",Director,IE63BOFI930413
488,1.0,Jessica Martin,M,1965-01-17,"798 Patrick St, Cork",Director,IE52BOFI960860
489,1.0,Lisa Moore,M,1961-06-02,"475 Eyre Square, Swords",Teacher,IE33BOFI995069
490,1.0,Mary Miller,M,1963-07-29,"669 Oak Park, Dublin",Manager,
491,1.0,John Gonzalez,F,1952-06-08,"120 High St, Dundalk",Student,IE45BOFI990507
492,1.0,Barbara Gonzalez,M,1963-03-09,"628 Oak Park, Galway",Student,IE83BOFI914720
493,1.0,Sarah Brown,F,1967-07-09,"882 Main St, Limerick",Driver,IE42BOFI968692
494,1.0,Barbara Miller,M,1977-03-16,"719 Seaview, Cork",Farmer,IE19BOFI982852
495,1.0,Joseph Jones,M,1957-05-30,"816 Church Rd, Bray",Teacher,
496,1.0,James Wilson,F,1999-03-27,"133 Grafton St, Limerick",Student,IE49BOFI900581
497,1.0,Lisa Taylor,F,1956-08-30,"242 Oak Park, Bray",Sales,IE82BOFI972398
498,1.0,Mary Anderson,F,1994-02-21,"496 High St, Limerick",Technician,
499,1.0,Vodafone Solutions,,,"23 O'Connell St, Swords",,IE71BOFI992408
500,1.0,James Garcia,M,1954-02-23,"369 Grafton St, Cork",Director,
501,1.0,Jennifer Martin,M,1960-04-05,"301 Grafton St, Limerick",Farmer,IE99BOFI921643
502,1.0,Joseph Rodriguez,F,1961-12-26,"503 Church Rd, Waterford",Sales,IE10BOFI966698
503,1.0,Patricia Wilson,F,1977-09-12,"648 Dame St, Limerick",Farmer,IE38BOFI995924
504,1.0,Patricia Wilson,M,2002-10-12,"66 Grafton St, Swords",Retiree,IE22BOFI930308
505,1.0,Dunnes Ireland,,,"414 Dame St, Cork",,IE58BOFI986634
506,1.0,William Martinez,M,1977-09-05,"693 Oak Park, Dundalk",Manager,IE40BOFI936116
507,1.0,Patricia Wilson,F,2003-07-06,"481 Eyre Square, Dundalk",Director,IE41BOFI926102
508,1.0,Joseph Lopez,M,1960-04-27,"875 Griffith Ave, Navan",Accountant,IE98BOFI928145
509,1.0,Centra Holdings,,,"79 Oak Park, Dublin",,IE23BOFI922093
510,1.0,Susan Martin,M,1997-01-05,"563 Henry St, Swords",Farmer,
511,1.0,Barbara Anderson,M,2002-04-28,"456 Main St, Limerick",Technician,
512,1.0,Jennifer Lopez,F,1968-06-10,"315 Oak Park, Swords",IT Consultant,IE96BOFI993315
513,1.0,Susan Brown,F,1977-08-03,"648 Seaview, Cork",Engineer,IE56BOFI918000
514,1.0,David Wilson,M,1969-05-24,"212 Seaview, Bray",Doctor,IE58BOFI987049
515,1.0,John Smith,F,1988-03-23,"163 Main St, Cork",Civil Servant,IE95BOFI940015
516,1.0,Susan Brown,M,1984-06-17,"532 High St, Swords",Technician,IE74BOFI955207
517,1.0,Michael Hernandez,F,1971-03-23,"973 High St, Waterford",Civil Servant,IE15BOFI941847
518,1.0,James Smith,M,1984-06-06,"322 Henry St, Dundalk",Farmer,
519,1.0,William Thomas,F,1952-04-12,"179 Seaview, Drogheda",Farmer,IE46BOFI966793
520,1.0,William Miller,M,1960-07-29,"731 Church Rd, Bray",Farmer,IE64BOFI930068
521,1.0,Lisa Anderson,F,1955-04-08,"928 Patrick St, Galway",Accountant,
522,1.0,Robert Jackson,M,1970-12-02,"107 Griffith Ave, Dublin",Admin,IE65BOFI988956
523,1.0,John Garcia,F,1988-08-18,"793 Dame St, Bray",Farmer,IE20BOFI925924
524,1.0,William Gonzalez,F,1966-01-25,"337 Grafton St, Swords",Sales,IE31BOFI979851
525,1.0,David Moore,M,1976-07-05,"393 Patrick St, Swords",Student,IE83BOFI999837
526,1.0,Jessica Smith,F,1962-03-17,"143 Oak Park, Waterford",Technician,IE87BOFI968554
527,1.0,Michael Moore,M,1996-12-11,"535 Henry St, Dublin",Civil Servant,
528,1.0,Richard Lopez,F,2004-04-12,"184 Oliver Plunkett St, Dublin",Technician,IE33BOFI997744
529,1.0,Michael Taylor,M,1966-07-26,"637 Grafton St, Navan",Technician,IE59BOFI967942
530,1.0,Karen Gonzalez,M,2002-12-25,"812 Eyre Square, Drogheda",Director,IE42BOFI901350
531,1.0,CRH Ireland,,,"226 Dame St, Waterford",,IE49BOFI997572
532,1.0,William Miller,M,1976-05-28,"59 Eyre Square, Cork",Technician,IE29BOFI920843
533,1.0,Patricia Johnson,M,2003-10-27,"606 High St, Dublin",IT Consultant,
534,1.0,James Jones,M,1978-07-15,"348 Dame St, Swords",Teacher,IE99BOFI940298
535,1.0,Glanbia Ltd,,,"791 High St, Waterford",,IE39BOFI914092
536,1.0,Lisa Thomas,M,1989-11-15,"119 Dame St, Limerick",Sales,IE79BOFI911893
537,1.0,Sarah Jones,F,1997-08-06,"960 O'Connell St, Swords",IT Consultant,IE94BOFI972255
538,1.0,Thomas Hernandez,F,1972-10-23,"255 Patrick St, Bray",Builder,IE75BOFI961038
539,1.0,Linda Gonzalez,M,1972-05-31,"726 Patrick St, Cork",Accountant,IE92BOFI991920
540,1.0,Elizabeth Garcia,M,1971-11-27,"592 Grafton St, Limerick",Manager,
541,1.0,Sarah Hernandez,M,1989-08-12,"801 Main St, Dundalk",Manager,IE46BOFI917970
542,1.0,John Hernandez,M,1972-02-19,"402 Eyre Square, Navan",Builder,IE98BOFI978263
543,1.0,John Garcia,M,1993-10-05,"564 Oak Park, Swords",Technician,IE43BOFI949652
544,1.0,Karen Anderson,M,1990-06-03,"511 Main St, Navan",Farmer,IE31BOFI968026
545,1.0,James Jones,F,1994-07-19,"407 Griffith Ave, Waterford",Accountant,
546,1.0,Jessica Williams,F,1989-07-23,"707 Seaview, Swords",Director,
547,1.0,Jennifer Wilson,F,1960-05-01,"540 Dame St, Dublin",Retiree,IE36BOFI974455
548,1.0,Robert Johnson,F,1958-07-08,"516 Oak Park, Waterford",Manager,IE19BOFI938107
549,1.0,Jennifer Johnson,M,1981-08-20,"452 Oliver Plunkett St, Dublin",Civil Servant,IE68BOFI967718
550,1.0,William Johnson,F,1983-06-06,"313 Church Rd, Bray",Engineer,IE55BOFI911678
551,1.0,Richard Moore,M,1987-04-27,"23 High St, Bray",Director,IE95BOFI960998
552,1.0,Sarah Martin,M,1972-12-02,"159 Grafton St, Dundalk",Doctor,IE96BOFI903411
553,1.0,Joseph Anderson,M,2000-07-14,"832 Eyre Square, Limerick",Technician,IE47BOFI907788
554,1.0,Thomas Hernandez,M,1994-07-18,"453 Patrick St, Waterford",Builder,IE91BOFI925176
555,1.0,Jessica Martinez,M,1979-05-18,"832 Oliver Plunkett St, Bray",IT Consultant,IE95BOFI921004
556,1.0,William Garcia,M,1971-07-25,"381 O'Connell St, Galway",Driver,IE26BOFI956551
557,1.0,Elizabeth Williams,M,1955-04-19,"532 Eyre Square, Swords",Technician,
558,1.0,Barbara Garcia,F,1986-08-23,"513 Oliver Plunkett St, Drogheda",Nurse,IE12BOFI984323
559,1.0,Karen Jones,F,1986-08-18,"383 Patrick St, Dundalk",Doctor,IE59BOFI991084
560,1.0,Robert Martinez,F,1965-04-08,"433 Dame St, Drogheda",Accountant,IE32BOFI997429
561,1.0,Joseph Davis,M,2003-05-14,"916 Main St, Dublin",Teacher,
562,1.0,Barbara Miller,F,2000-04-11,"866 Main St, Galway",Doctor,IE67BOFI950305
563,1.0,Jennifer Johnson,F,1984-06-05,"23 Henry St, Dublin",Nurse,IE88BOFI994207
564,1.0,Lisa Jones,F,1963-03-16,"757 Oliver Plunkett St, Swords",Student,IE63BOFI960103
565,1.0,Michael Anderson,M,2002-05-02,"813 Main St, Limerick",Technician,IE78BOFI908795
566,1.0,Richard Williams,M,1990-04-04,"328 O'Connell St, Bray",Civil Servant,IE54BOFI977557
567,1.0,Susan Moore,F,1961-08-13,"49 High St, Waterford",Nurse,
568,1.0,Linda Lopez,F,1981-12-16,"732 Church Rd, Cork",Teacher,
569,1.0,Joseph Martinez,F,1959-12-04,"76 Henry St, Drogheda",Admin,IE33BOFI978993
570,1.0,Linda Johnson,F,1970-01-17,"619 Griffith Ave, Drogheda",Engineer,IE24BOFI943829
571,1.0,Jennifer Gonzalez,F,1989-07-19,"892 Seaview, Galway",Nurse,IE36BOFI914619
572,1.0,Robert Johnson,M,1972-12-30,"586 Patrick St, Dublin",Farmer,IE10BOFI902577
573,1.0,John Rodriguez,F,1957-10-16,"254 Oak Park, Waterford",Engineer,IE81BOFI940985
574,1.0,Richard Williams,F,1991-04-10,"204 Seaview, Limerick",Engineer,IE44BOFI996859
575,1.0,Elizabeth Wilson,F,1982-02-10,"627 Dame St, Dundalk",Technician,IE52BOFI978345
576,1.0,Patricia Miller,F,1954-12-07,"284 Dame St, Bray",Nurse,IE80BOFI909299
577,1.0,Barbara Moore,M,2004-07-30,"547 Eyre Square, Waterford",Sales,IE17BOFI910082
578,1.0,Sarah Wilson,M,2000-01-10,"192 Oliver Plunkett St, Drogheda",Retiree,IE47BOFI919124
579,1.0,David Martin,M,1959-11-08,"747 Seaview, Swords",IT Consultant,IE43BOFI946661
580,1.0,James Gonzalez,M,1959-05-04,"317 Church Rd, Dublin",Nurse,IE46BOFI988839
581,1.0,Karen Miller,F,1997-07-01,"325 Dame St, Navan",Admin,IE17BOFI918127
582,1.0,Sarah Anderson,M,1958-01-18,"125 High St, Dublin",Accountant,IE39BOFI959002
583,1.0,SuperValu Ltd,,,"140 Oak Park, Waterford",,
584,1.0,Robert Thomas,F,2001-08-17,"965 Griffith Ave, Galway",Sales,IE52BOFI924734
585,1.0,Joseph Thomas,M,1974-10-18,"970 Church Rd, Cork",Nurse,IE86BOFI935113
586,1.0,Elizabeth Miller,F,1989-02-07,"605 Henry St, Limerick",IT Consultant,IE42BOFI939335
587,1.0,Jessica Jones,F,1968-07-08,"542 Henry St, Drogheda",Sales,IE95BOFI944231
588,1.0,Susan Gonzalez,F,1984-05-04,"530 Henry St, Waterford",Nurse,IE35BOFI930114
589,1.0,Jessica Jones,M,2002-05-25,"983 Main St, Drogheda",Admin,IE74BOFI916122
590,1.0,Sarah Davis,F,2000-12-02,"180 Oak Park, Limerick",Admin,IE65BOFI913630
591,1.0,Joseph Gonzalez,M,1965-02-06,"255 Dame St, Swords",Admin,IE48BOFI900926
592,1.0,James Taylor,M,1973-04-03,"197 O'Connell St, Cork",Technician,IE76BOFI941887
593,1.0,Elizabeth Gonzalez,M,2002-01-24,"603 Shop St, Dundalk",Farmer,IE38BOFI958021
594,1.0,Sarah Taylor,M,1978-12-24,"492 Shop St, Galway",Accountant,IE94BOFI926700
595,1.0,Thomas Jones,M,2004-12-14,"608 Oliver Plunkett St, Bray",Nurse,IE19BOFI951644
596,1.0,Karen Williams,M,1964-08-31,"305 Main St, Limerick",Manager,IE80BOFI961532
597,1.0,Jessica Johnson,F,1950-10-04,"659 Henry St, Galway",IT Consultant,IE26BOFI931693
598,1.0,Susan Smith,F,1982-02-04,"344 Church Rd, Swords",Builder,IE69BOFI935160
599,1.0,Susan Hernandez,M,1964-05-20,"739 Seaview, Dublin",Doctor,IE14BOFI957607
600,1.0,John Hernandez,M,2004-10-18,"58 Seaview, Cork",IT Consultant,IE26BOFI967146
601,1.0,Patricia Jackson,M,1957-07-15,"769 Dame St, Cork",Engineer,IE77BOFI932868
602,1.0,Eir Group,,,"875 Dame St, Swords",,IE25BOFI962974
603,1.0,Eir Ireland,,,"827 Griffith Ave, Dundalk",,IE99BOFI951343
604,1.0,Jessica Taylor,M,1978-05-30,"426 Seaview, Dublin",Farmer,IE34BOFI964171
605,1.0,Elizabeth Williams,F,1961-10-14,"327 Shop St, Cork",Builder,IE86BOFI901822
606,1.0,Susan Davis,F,2004-05-22,"387 Grafton St, Waterford",Driver,IE83BOFI939241
607,1.0,Mary Johnson,M,1950-03-21,"876 Grafton St, Bray",Sales,IE44BOFI995712
608,1.0,Patricia Smith,F,2001-03-31,"612 Henry St, Swords",Teacher,IE64BOFI901137
609,1.0,Centra Ireland,,,"338 High St, Limerick",,IE49BOFI931607
610,1.0,Michael Garcia,F,2005-10-27,"383 O'Connell St, Waterford",Doctor,IE66BOFI960925
611,1.0,Barbara Anderson,M,1979-04-14,"375 Grafton St, Swords",Farmer,IE59BOFI973091
612,1.0,Patricia Garcia,M,1994-07-20,"915 Griffith Ave, Cork",Teacher,IE49BOFI938023
613,1.0,Karen Martinez,M,1957-08-22,"703 Shop St, Drogheda",Teacher,IE43BOFI991660
614,1.0,Richard Martinez,M,1955-02-22,"607 Henry St, Galway",Farmer,IE34BOFI902416
615,1.0,Michael Davis,M,2004-09-14,"676 Oliver Plunkett St, Navan",Teacher,IE75BOFI924523
616,1.0,John Jackson,M,1963-04-25,"944 Main St, Cork",Sales,IE94BOFI973296
617,1.0,Dunnes Services,,,"349 Patrick St, Swords",,IE57BOFI992332
618,1.0,Robert Brown,F,1964-10-01,"616 High St, Swords",Retiree,IE39BOFI939986
619,1.0,Patricia Thomas,F,1979-04-17,"488 O'Connell St, Bray",IT Consultant,IE28BOFI932514
620,1.0,Linda Martinez,M,1984-01-04,"202 Henry St, Bray",Teacher,IE92BOFI912152
621,1.0,Robert Miller,F,2001-10-06,"497 High St, Galway",Nurse,IE80BOFI964667
622,1.0,Joseph Williams,F,1979-12-22,"429 Henry St, Dundalk",IT Consultant,IE62BOFI917239
623,1.0,CRH Group,,,"115 Eyre Square, Drogheda",,IE13BOFI961937
624,1.0,Elizabeth Gonzalez,M,1951-02-14,"405 Grafton St, Dublin",Doctor,IE83BOFI922682
625,1.0,Karen Davis,M,2001-02-26,"359 Oak Park, Drogheda",Technician,IE31BOFI912007
626,1.0,Thomas Miller,M,1951-04-01,"541 Griffith Ave, Galway",Student,IE17BOFI902147
627,1.0,John Gonzalez,M,1978-04-06,"743 Patrick St, Waterford",Civil Servant,
628,1.0,Joseph Johnson,M,1958-06-03,"560 High St, Limerick",Civil Servant,
629,1.0,Barbara Martinez,M,1983-07-11,"290 Seaview, Galway",Nurse,
630,1.0,Kingspan Solutions,,,"756 Patrick St, Bray",,IE81BOFI982127
631,1.0,Joseph Williams,F,1960-09-10,"34 High St, Limerick",Student,IE57BOFI905270
632,1.0,Lisa Williams,F,1980-06-13,"296 Griffith Ave, Cork",Nurse,IE80BOFI924482
633,1.0,Patricia Johnson,M,1955-02-19,"259 Church Rd, Drogheda",Sales,IE10BOFI928646
634,1.0,William Garcia,M,1954-02-16,"608 Oliver Plunkett St, Bray",Accountant,IE33BOFI915244
635,1.0,Sarah Lopez,M,1981-09-23,"609 Shop St, Limerick",Civil Servant,IE34BOFI909679
636,1.0,Mary Taylor,F,2004-11-30,"135 Patrick St, Waterford",Technician,IE75BOFI968518
637,1.0,Jennifer Taylor,M,1967-05-07,"553 Dame St, Drogheda",Teacher,IE27BOFI986830
638,1.0,Jessica Taylor,F,1979-06-29,"739 Henry St, Navan",Admin,IE12BOFI998997
639,1.0,William Davis,M,1958-04-14,"705 Oak Park, Galway",Director,IE92BOFI977959
640,1.0,Susan Brown,M,1964-10-18,"25 Eyre Square, Cork",Civil Servant,IE26BOFI939059
641,1.0,John Smith,M,1993-03-02,"579 Grafton St, Dublin",Civil Servant,IE18BOFI972282
642,1.0,AIB Ltd,,,"68 Main St, Swords",,
643,1.0,Richard Wilson,M,1964-02-25,"53 High St, Navan",Admin,
644,1.0,John Hernandez,F,1979-10-12,"341 Church Rd, Limerick",Builder,IE64BOFI911621
645,1.0,Lisa Moore,F,1972-08-17,"571 Oliver Plunkett St, Swords",Nurse,IE63BOFI957578
646,1.0,Lisa Miller,M,1977-09-27,"545 O'Connell St, Cork",Admin,IE95BOFI980440
647,1.0,Mary Davis,M,1979-06-15,"861 Eyre Square, Navan",Student,IE61BOFI973109
648,1.0,Barbara Martinez,F,1989-11-15,"970 Oak Park, Limerick",IT Consultant,IE53BOFI948395
649,1.0,Mary Moore,F,2004-09-05,"382 High St, Bray",Director,IE35BOFI919343
650,1.0,William Johnson,M,1950-05-08,"446 Oak Park, Swords",Nurse,IE71BOFI963925
651,1.0,Thomas Davis,F,2002-09-09,"971 Main St, Bray",Director,
652,1.0,William Thomas,F,1974-06-23,"740 Oak Park, Cork",Technician,IE10BOFI996291
653,1.0,Centra Solutions,,,"95 Church Rd, Dundalk",,
654,1.0,Barbara Hernandez,F,1997-09-22,"485 Eyre Square, Swords",IT Consultant,IE69BOFI999439
655,1.0,William Martinez,M,1996-12-27,"598 Church Rd, Waterford",Nurse,IE34BOFI993616
656,1.0,Patricia Williams,M,1955-05-18,"155 Shop St, Limerick",Nurse,IE26BOFI987894
657,1.0,Spar Ltd,,,"287 Patrick St, Cork",,IE65BOFI978236
658,1.0,Linda Moore,M,1976-05-27,"83 Church Rd, Dundalk",Sales,IE78BOFI994646
659,1.0,Mary Smith,F,1959-10-08,"383 Main St, Dublin",Sales,IE42BOFI953393
660,1.0,James Martin,F,1984-08-24,"556 Griffith Ave, Navan",Accountant,IE79BOFI932463
661,1.0,Linda Jones,M,1955-01-29,"699 Dame St, Waterford",Technician,IE27BOFI978857
662,1.0,Patricia Taylor,F,1976-08-29,"665 Shop St, Limerick",Nurse,IE70BOFI982511
663,1.0,DCC PLC,,,"924 Griffith Ave, Swords",,IE25BOFI920234
664,1.0,Mary Smith,F,1951-05-27,"381 Dame St, Dublin",Nurse,IE63BOFI924718
665,1.0,David Lopez,M,1954-09-06,"284 Oak Park, Dublin",Technician,IE43BOFI982338
666,1.0,Richard Brown,M,1995-08-28,"162 Henry St, Limerick",Admin,IE42BOFI958487
667,1.0,Aviva Group,,,"910 Patrick St, Swords",,
668,1.0,Elizabeth Taylor,M,1978-08-09,"19 High St, Galway",IT Consultant,IE94BOFI953002
669,1.0,Richard Lopez,F,1981-01-29,"728 O'Connell St, Limerick",Builder,IE90BOFI998156
670,1.0,Jennifer Miller,M,1956-05-08,"468 Patrick St, Bray",Director,
671,1.0,Karen Taylor,M,1977-11-06,"52 Oliver Plunkett St, Galway",Engineer,IE44BOFI915542
672,1.0,Thomas Williams,F,1961-01-12,"888 Oliver Plunkett St, Dundalk",IT Consultant,IE80BOFI955262
673,1.0,Michael Smith,M,1967-02-08,"374 Patrick St, Dublin",Builder,IE98BOFI938717
674,1.0,Patricia Taylor,F,2002-02-07,"675 Oliver Plunkett St, Swords",Sales,IE48BOFI938726
675,1.0,Karen Lopez,F,1968-02-16,"653 O'Connell St, Dundalk",Manager,IE63BOFI941289
676,1.0,Thomas Lopez,F,1977-09-10,"936 Dame St, Bray",Student,IE96BOFI963532
677,1.0,Barbara Jones,F,1975-04-12,"370 Church Rd, Cork",IT Consultant,IE34BOFI906773
678,1.0,Michael Jones,M,1964-11-03,"616 Patrick St, Galway",Retiree,
679,1.0,Robert Brown,F,1997-07-31,"999 Main St, Bray",Civil Servant,IE59BOFI945036
680,1.0,David Johnson,M,1971-02-18,"459 Shop St, Bray",Civil Servant,
681,1.0,Barbara Gonzalez,F,1969-09-15,"151 High St, Dublin",Technician,IE51BOFI989151
682,1.0,Joseph Hernandez,F,1963-07-05,"760 Dame St, Swords",Director,IE61BOFI972454
683,1.0,Lisa Miller,F,2003-09-25,"917 Dame St, Limerick",Driver,IE81BOFI986874
684,1.0,Sarah Williams,F,1993-05-31,"167 Oak Park, Limerick",Manager,IE54BOFI900828
685,1.0,Patricia Moore,M,1992-04-03,"769 Oak Park, Dublin",Engineer,IE68BOFI972596
686,1.0,James Jackson,M,1950-01-06,"737 O'Connell St, Drogheda",Nurse,IE66BOFI956681
687,1.0,Lisa Rodriguez,F,1980-10-28,"998 O'Connell St, Limerick",Civil Servant,IE26BOFI975798
688,1.0,Jonh Anderson,M,2000-10-08,"71 Oliver Plunkett St, Waterford",Driver,
689,1.0,David oJnes,F,1972-04-11,"119 Oak Park, Navan",,
